[Loading] INITIALIZING
Starting TLauncher 2.894 RELEASE
For more information, visit https://tlauncher.org/
Startup time: 19.10.2023 22:26:20
Running folder C:\Users\Пользователь\AppData\Roaming\.minecraft
---
[Loading] LOADING_CONFIGURATION
Machine info: -------------------------------------------------------
Windows 10 10.0, Java 1.8.0_281, jvm bit x64, 16243 MB RAM
java path=C:\Users\Пользователь\AppData\Roaming\.tlauncher\jvms\jre1.8.0_281\bin\javaw.exe
12th Gen Intel(R) Core(TM) i5-12400F
 NVIDIA GeForce RTX 3060, NVIDIA GeForce RTX 3060, 20245 MB
-------------------------------------------------------
Selected locale: ru
Locale fil doesn't contain key button.update.update
Locale nb_NO doesn't contain key button.update.update
Locale vi doesn't contain key button.update.update
[Loading] LOADING_CONSOLE
[Downloader2] Loaded configuration: good
[Updater] Requesting an update...
[Updater] Requesting from: https://repo.tlauncher.org/update/lch/release_update_2.3.json
[Updater] Making request: https://repo.tlauncher.org/update/lch/release_update_2.3.json?version=2.894&client=0091563f-947c-420b-b54a-416255553acd
[Browser] Loading resources...
[JFXStartPageLoader]  start load page: https://page.tlauncher.org/update/downloads/configs/pages/index_ru.html
[Browser] Cleaning up after loading:
Starting garbage collector: 58 / 200 MB
Garbage collector completed: 23 / 225 MB
[Loading] LOADING_MANAGERS
[Browser] Running in JavaFX Thread
[Browser] Preparing JavaFX...
[LocalVersionList] Base directory: D:\
[ProfileManager] Refreshing profiles from: D:\TlauncherProfiles.json
[AdvertisingStatusObserver]  started to get ad information
[GsonUtil]  request to https://repo.tlauncher.org/update/downloads/libraries/org/tlauncher/authlib/libraries-1.7.json
[Browser] Initializing...
[Updater] Request time: 533 ms
[Updater] Successfully requested from: https://repo.tlauncher.org/update/lch/release_update_2.3.json
[AdvertisingStatusObserver]  finished to get add information
save profiles
[Loading] LOADING_WINDOW
[Swing] Favicons loaded: 256px, 128px, 96px, 64px, 48px, 32px, 24px, 16px
[Loading] PREPARING_MAINPANE
[JFXStartPageLoader]  succeeded load page: https://page.tlauncher.org/update/downloads/configs/pages/index_ru.html during 0
[Browser@250424527] Loaded successfully: "https://page.tlauncher.org/update/downloads/configs/pages/index_ru.html"
[Browser] add listens into server_choose
[Browser] finished listens into server_choose
[REPO][SERVER_LIST_REPO] Success: Reached the repo in 203 ms.
[Downloader2] Loaded configuration: good
[Loading] POSTINIT_GUI
[Frame] Packing main frame...
[Frame] Resizing main pane...
Updater is already closed. Showing up...
Visibility set.
[Loading] REFRESHING_INFO
[VersionManager] Refreshing versions remotely...
[REPO][EXTRA_VERSION_REPO] Attempt #1; timeout: 30000 ms; url: https://repo.tlauncher.org/update/downloads/versions/new5/
Started! (3772 ms.)
[Loading] SUCCESS
[TLauncher] show tlauncher!!!
[REPO][EXTRA_VERSION_REPO] Success: Reached the repo in 125 ms.
[REPO][EXTRA_VERSION_REPO] Attempt #1; timeout: 30000 ms; url: https://repo.tlauncher.org/update/downloads/versions/new5/
[REPO][SKIN_VERSION_REPO] Attempt #1; timeout: 30000 ms; url: https://repo.tlauncher.org/update/downloads/versions/new5/skin/versions/
[REPO][OFFICIAL_VERSION_REPO] Attempt #1; timeout: 30000 ms; url: https://launchermeta.mojang.com/mc/game/
[REPO][SKIN_VERSION_REPO] Success: Reached the repo in 105 ms.
[REPO][EXTRA_VERSION_REPO] Success: Reached the repo in 112 ms.
[SkinVersionList] Got in 120 ms
[ExtraVersionList] Got in 143 ms
Found preferred client: ANY
[REPO][OFFICIAL_VERSION_REPO] Success: Reached the repo in 878 ms.
[OfficialVersionList] Got in 906 ms
[VersionManager] Versions has been refreshed (928 ms)
[REPO][ADD_HOT_SERVERS_REPO] Attempt #1; timeout: 30000 ms; url: https://repo.tlauncher.org/update/lch/additional_hot_servers-1.0.json
[REPO][HOT_SERVERS_REPO] Attempt #1; timeout: 30000 ms; url: https://repo.tlauncher.org/update/lch/servers/hot_servers-1.0.json
run server on  37842
[REPO][ADD_HOT_SERVERS_REPO] Success: Reached the repo in 127 ms.
[REPO][HOT_SERVERS_REPO] Success: Reached the repo in 140 ms.
[Double running] clear time label
[OS] Trying to open folder: D:\
AccountComboBox.validte pre game launch username Account{skinType=TLAUNCHER, displayName=bloogas, type=TLAUNCHER, accessToken=(not null), userid=bloogas, uuid=bf40118e635f11eea9a3f02f74958d22, username=bloogas} TLAUNCHER
[TlauncherAuthenticator] Staring to authenticate: Account{skinType=TLAUNCHER, displayName=bloogas, type=TLAUNCHER, accessToken=(not null), userid=bloogas, uuid=bf40118e635f11eea9a3f02f74958d22, username=bloogas}
[TlauncherAuthenticator] hasUsername: bloogas
[TlauncherAuthenticator] hasPassword: false
[TlauncherAuthenticator] hasAccessToken: true
[TlauncherAuthenticator] Loggining in with token
[TlauncherAuthenticator] Log in successful!
[TlauncherAuthenticator] hasUUID: true
[TlauncherAuthenticator] hasAccessToken: true
[TlauncherAuthenticator] hasProfiles: true
[TlauncherAuthenticator] hasProfile: true
[TlauncherAuthenticator] hasProperties: true
onAuthPassed
saved account Account{skinType=TLAUNCHER, displayName=bloogas, type=TLAUNCHER, accessToken=(not null), userid=bloogas, uuid=bf40118e635f11eea9a3f02f74958d22, username=bloogas}
save profiles
[LoginForm] Login was OK. Trying to launch now.
[Launcher] Running under TLauncher 2.894
[Launcher] Collecting info...
[TLauncherManager] before clearLibrary D:\mods\Baubles-1.12-1.5.2.jar D:\mods\BetterFps-1.4.8.jar D:\mods\BrandonsCore-1.12.2-2.4.20.162-universal.jar D:\mods\CodeChickenLib-1.12.2-3.2.3.358-universal.jar D:\mods\DoggyTalents-1.12.2-1.15.1.6.jar D:\mods\Draconic-Evolution-1.12.2-2.3.28.354-universal.jar D:\mods\forbidden_arcanus-1.12.2-1.1.4.jar D:\mods\geckolib-forge-1.12.2-3.0.31.jar D:\mods\GrimoireOfGaia3-1.12.2-1.7.2.jar D:\mods\iceandfire-1.9.1-1.12.2.jar D:\mods\industrialcraft-2-2.8.222-ex112.jar D:\mods\jei_1.12.2-4.16.1.1001.jar D:\mods\llibrary-1.7.20-1.12.2.jar D:\mods\mowziesmobs-1.5.8.jar D:\mods\OptiFine-1.12.2_HD_U_G5.jar D:\mods\ore-spawn-mod-1_12_2.jar D:\mods\particleculling-1.12.2-v1.4.1.jar D:\mods\RedstoneFlux-1.12-2.1.1.1-universal.jar D:\mods\Surge-1.12.2-2.0.79.jar D:\mods\Thaumcraft-1.12.2-6.1.BETA26.jar D:\mods\twilightforest_1.12.2_3.11.1021_universal.jar D:\mods\_MixinBootstrap-1.1.0.jar
[TLauncherManager] written:  []
[TLauncherManager] after clearLibrary D:\mods\Baubles-1.12-1.5.2.jar D:\mods\BetterFps-1.4.8.jar D:\mods\BrandonsCore-1.12.2-2.4.20.162-universal.jar D:\mods\CodeChickenLib-1.12.2-3.2.3.358-universal.jar D:\mods\DoggyTalents-1.12.2-1.15.1.6.jar D:\mods\Draconic-Evolution-1.12.2-2.3.28.354-universal.jar D:\mods\forbidden_arcanus-1.12.2-1.1.4.jar D:\mods\geckolib-forge-1.12.2-3.0.31.jar D:\mods\GrimoireOfGaia3-1.12.2-1.7.2.jar D:\mods\iceandfire-1.9.1-1.12.2.jar D:\mods\industrialcraft-2-2.8.222-ex112.jar D:\mods\jei_1.12.2-4.16.1.1001.jar D:\mods\llibrary-1.7.20-1.12.2.jar D:\mods\mowziesmobs-1.5.8.jar D:\mods\OptiFine-1.12.2_HD_U_G5.jar D:\mods\ore-spawn-mod-1_12_2.jar D:\mods\particleculling-1.12.2-v1.4.1.jar D:\mods\RedstoneFlux-1.12-2.1.1.1-universal.jar D:\mods\Surge-1.12.2-2.0.79.jar D:\mods\Thaumcraft-1.12.2-6.1.BETA26.jar D:\mods\twilightforest_1.12.2_3.11.1021_universal.jar D:\mods\_MixinBootstrap-1.1.0.jar
[Launcher] Force update: false
[Launcher] Selected version: ForgeOptiFine 1.12.2
[Launcher] Selected account: Account{skinType=TLAUNCHER, displayName=bloogas, type=TLAUNCHER, accessToken=(not null), userid=bloogas, uuid=bf40118e635f11eea9a3f02f74958d22, username=bloogas}
[Launcher] Version sync info: VersionSyncInfo{id='ForgeOptiFine 1.12.2',
local=CompleteVersion{id='ForgeOptiFine 1.12.2', time=Mon Dec 13 17:15:32 IRKT 2021, release=Mon Sep 18 09:39:52 IRKT 2017, type=modified, class=net.minecraft.launchwrapper.Launch, minimumVersion=18, assets='1.12', source=LOCAL_VERSION_REPO, list=net.minecraft.launcher.updater.SkinVersionList@409cbfbd, libraries=[Library{name='net.minecraftforge:forge:1.12.2-14.23.5.2860', rules=null, natives=null, extract=null, packed='null'}, Library{name='org.ow2.asm:asm-debug-all:5.2', rules=null, natives=null, extract=null, packed='null'}, Library{name='net.minecraft:launchwrapper:1.12', rules=null, natives=null, extract=null, packed='null'}, Library{name='org.jline:jline:3.5.1', rules=null, natives=null, extract=null, packed='null'}, Library{name='com.typesafe.akka:akka-actor_2.11:2.3.3', rules=null, natives=null, extract=null, packed='null'}, Library{name='com.typesafe:config:1.2.1', rules=null, natives=null, extract=null, packed='null'}, Library{name='org.scala-lang:scala-actors-migration_2.11:1.1.0', rules=null, natives=null, extract=null, packed='null'}, Library{name='org.scala-lang:scala-compiler:2.11.1', rules=null, natives=null, extract=null, packed='null'}, Library{name='org.scala-lang.plugins:scala-continuations-library_2.11:1.0.2_mc', rules=null, natives=null, extract=null, packed='null'}, Library{name='org.scala-lang.plugins:scala-continuations-plugin_2.11.1:1.0.2_mc', rules=null, natives=null, extract=null, packed='null'}, Library{name='org.scala-lang:scala-library:2.11.1', rules=null, natives=null, extract=null, packed='null'}, Library{name='org.scala-lang:scala-parser-combinators_2.11:1.0.1', rules=null, natives=null, extract=null, packed='null'}, Library{name='org.scala-lang:scala-reflect:2.11.1', rules=null, natives=null, extract=null, packed='null'}, Library{name='org.scala-lang:scala-swing_2.11:1.0.1', rules=null, natives=null, extract=null, packed='null'}, Library{name='org.scala-lang:scala-xml_2.11:1.0.2', rules=null, natives=null, extract=null, packed='null'}, Library{name='lzma:lzma:0.0.1', rules=null, natives=null, extract=null, packed='null'}, Library{name='java3d:vecmath:1.5.2', rules=null, natives=null, extract=null, packed='null'}, Library{name='net.sf.trove4j:trove4j:3.0.3', rules=null, natives=null, extract=null, packed='null'}, Library{name='org.apache.maven:maven-artifact:3.5.3', rules=null, natives=null, extract=null, packed='null'}, Library{name='net.sf.jopt-simple:jopt-simple:5.0.3', rules=null, natives=null, extract=null, packed='null'}, Library{name='org.apache.logging.log4j:log4j-api:2.15.0', rules=null, natives=null, extract=null, packed='null'}, Library{name='org.apache.logging.log4j:log4j-core:2.15.0', rules=null, natives=null, extract=null, packed='null'}, Library{name='com.mojang:patchy:1.3.9', rules=null, natives=null, extract=null, packed='null'}, Library{name='oshi-project:oshi-core:1.1', rules=null, natives=null, extract=null, packed='null'}, Library{name='net.java.dev.jna:jna:4.4.0', rules=null, natives=null, extract=null, packed='null'}, Library{name='net.java.dev.jna:platform:3.4.0', rules=null, natives=null, extract=null, packed='null'}, Library{name='com.ibm.icu:icu4j-core-mojang:51.2', rules=null, natives=null, extract=null, packed='null'}, Library{name='net.sf.jopt-simple:jopt-simple:5.0.3', rules=null, natives=null, extract=null, packed='null'}, Library{name='com.paulscode:codecjorbis:20101023', rules=null, natives=null, extract=null, packed='null'}, Library{name='com.paulscode:codecwav:20101023', rules=null, natives=null, extract=null, packed='null'}, Library{name='com.paulscode:libraryjavasound:20101123', rules=null, natives=null, extract=null, packed='null'}, Library{name='com.paulscode:librarylwjglopenal:20100824', rules=null, natives=null, extract=null, packed='null'}, Library{name='com.paulscode:soundsystem:20120107', rules=null, natives=null, extract=null, packed='null'}, Library{name='io.netty:netty-all:4.1.9.Final', rules=null, natives=null, extract=null, packed='null'}, Library{name='com.google.guava:guava:21.0', rules=null, natives=null, extract=null, packed='null'}, Library{name='org.apache.commons:commons-lang3:3.5', rules=null, natives=null, extract=null, packed='null'}, Library{name='commons-io:commons-io:2.5', rules=null, natives=null, extract=null, packed='null'}, Library{name='commons-codec:commons-codec:1.10', rules=null, natives=null, extract=null, packed='null'}, Library{name='net.java.jinput:jinput:2.0.5', rules=null, natives=null, extract=null, packed='null'}, Library{name='net.java.jutils:jutils:1.0.0', rules=null, natives=null, extract=null, packed='null'}, Library{name='com.google.code.gson:gson:2.8.0', rules=null, natives=null, extract=null, packed='null'}, Library{name='com.mojang:authlib:1.5.25', rules=null, natives=null, extract=null, packed='null'}, Library{name='com.mojang:realms:1.10.22', rules=null, natives=null, extract=null, packed='null'}, Library{name='org.apache.commons:commons-compress:1.8.1', rules=null, natives=null, extract=null, packed='null'}, Library{name='org.apache.httpcomponents:httpclient:4.3.3', rules=null, natives=null, extract=null, packed='null'}, Library{name='commons-logging:commons-logging:1.1.3', rules=null, natives=null, extract=null, packed='null'}, Library{name='org.apache.httpcomponents:httpcore:4.3.2', rules=null, natives=null, extract=null, packed='null'}, Library{name='it.unimi.dsi:fastutil:7.1.0', rules=null, natives=null, extract=null, packed='null'}, Library{name='org.apache.logging.log4j:log4j-api:2.8.1', rules=null, natives=null, extract=null, packed='null'}, Library{name='org.apache.logging.log4j:log4j-core:2.8.1', rules=null, natives=null, extract=null, packed='null'}, Library{name='org.lwjgl.lwjgl:lwjgl:2.9.4-nightly-20150209', rules=[Rule{action=ALLOW, os=null, features=null}, Rule{action=DISALLOW, os=OSRestriction{name=OSX, version='null'}, features=null}], natives=null, extract=null, packed='null'}, Library{name='org.lwjgl.lwjgl:lwjgl_util:2.9.4-nightly-20150209', rules=[Rule{action=ALLOW, os=null, features=null}, Rule{action=DISALLOW, os=OSRestriction{name=OSX, version='null'}, features=null}], natives=null, extract=null, packed='null'}, Library{name='org.lwjgl.lwjgl:lwjgl-platform:2.9.4-nightly-20150209', rules=[Rule{action=ALLOW, os=null, features=null}, Rule{action=DISALLOW, os=OSRestriction{name=OSX, version='null'}, features=null}], natives={LINUX=natives-linux, OSX=natives-osx, WINDOWS=natives-windows}, extract=net.minecraft.launcher.versions.ExtractRules@4c2cd849, packed='null'}, Library{name='org.lwjgl.lwjgl:lwjgl:2.9.2-nightly-20140822', rules=[Rule{action=ALLOW, os=OSRestriction{name=OSX, version='null'}, features=null}], natives=null, extract=null, packed='null'}, Library{name='org.lwjgl.lwjgl:lwjgl_util:2.9.2-nightly-20140822', rules=[Rule{action=ALLOW, os=OSRestriction{name=OSX, version='null'}, features=null}], natives=null, extract=null, packed='null'}, Library{name='org.lwjgl.lwjgl:lwjgl-platform:2.9.2-nightly-20140822', rules=[Rule{action=ALLOW, os=OSRestriction{name=OSX, version='null'}, features=null}], natives={LINUX=natives-linux, OSX=natives-osx, WINDOWS=natives-windows}, extract=net.minecraft.launcher.versions.ExtractRules@5e333513, packed='null'}, Library{name='net.java.jinput:jinput-platform:2.0.5', rules=null, natives={LINUX=natives-linux, OSX=natives-osx, WINDOWS=natives-windows}, extract=net.minecraft.launcher.versions.ExtractRules@1717749a, packed='null'}, Library{name='com.mojang:text2speech:1.10.3', rules=null, natives=null, extract=null, packed='null'}, Library{name='com.mojang:text2speech:1.10.3', rules=null, natives={LINUX=natives-linux, WINDOWS=natives-windows}, extract=net.minecraft.launcher.versions.ExtractRules@32535092, packed='null'}, Library{name='ca.weblite:java-objc-bridge:1.0.0', rules=[Rule{action=ALLOW, os=OSRestriction{name=OSX, version='null'}, features=null}], natives={OSX=natives-osx}, extract=net.minecraft.launcher.versions.ExtractRules@18173801, packed='null'}, Library{name='ca.weblite:java-objc-bridge:1.0.0', rules=[Rule{action=ALLOW, os=OSRestriction{name=OSX, version='null'}, features=null}], natives=null, extract=null, packed='null'}]},
remote=PartialVersion{id='ForgeOptiFine 1.12.2', time=Mon Dec 13 17:15:32 IRKT 2021, release=Mon Sep 18 09:39:52 IRKT 2017, type=modified, source=SKIN_VERSION_REPO, list=net.minecraft.launcher.updater.SkinVersionList@409cbfbd}, isInstalled=true, hasRemote=true, isUpToDate=true}
[GsonUtil]  request to https://res.tlauncher.org/b/jvm/java_configuration.json
[Launcher] Checking conditions...
[Launcher] Comparing assets...
[AssetsManager] Checking resources...
[AssetsManager] Reading indexes from file D:\assets\indexes\1.12.json
[AssetsManager] Fast comparing: true
[Launcher] finished comparing assets: 21 ms.
[TLauncherManager] add required libraries: ForgeOptiFine 1.12.2
[VersionManager] Required for version ForgeOptiFine 1.12.2: []
[TLauncherManager] add required libraries: ForgeOptiFine 1.12.2
used default java runtime
Minecraft requires java version: 8, java path: D:\runtime\jre-legacy\windows\jre-legacy\bin\javaw.exe
library will be replaced: com.mojang:authlib:1.5.25 -> org.tlauncher:authlib:1.6.251
library will be replaced: com.mojang:patchy:1.3.9 -> org.tlauncher:patchy:1.3.9
[Launcher] Unpacking natives...
[Launcher] Constructing process...
[Launcher] Constructing classpath...
backup world is active: true
[Launcher] Getting Minecraft arguments...
[Launcher] Full command: D:\runtime\jre-legacy\windows\jre-legacy\bin\javaw.exe -Dos.name=Windows 10 -Dos.version=10.0 -Djava.library.path=D:\versions\ForgeOptiFine 1.12.2\natives -cp D:\libraries\net\minecraftforge\forge\1.12.2-14.23.5.2860\forge-1.12.2-14.23.5.2860.jar;D:\libraries\org\ow2\asm\asm-debug-all\5.2\asm-debug-all-5.2.jar;D:\libraries\net\minecraft\launchwrapper\1.12\launchwrapper-1.12.jar;D:\libraries\org\jline\jline\3.5.1\jline-3.5.1.jar;D:\libraries\com\typesafe\akka\akka-actor_2.11\2.3.3\akka-actor_2.11-2.3.3.jar;D:\libraries\com\typesafe\config\1.2.1\config-1.2.1.jar;D:\libraries\org\scala-lang\scala-actors-migration_2.11\1.1.0\scala-actors-migration_2.11-1.1.0.jar;D:\libraries\org\scala-lang\scala-compiler\2.11.1\scala-compiler-2.11.1.jar;D:\libraries\org\scala-lang\plugins\scala-continuations-library_2.11\1.0.2_mc\scala-continuations-library_2.11-1.0.2_mc.jar;D:\libraries\org\scala-lang\plugins\scala-continuations-plugin_2.11.1\1.0.2_mc\scala-continuations-plugin_2.11.1-1.0.2_mc.jar;D:\libraries\org\scala-lang\scala-library\2.11.1\scala-library-2.11.1.jar;D:\libraries\org\scala-lang\scala-parser-combinators_2.11\1.0.1\scala-parser-combinators_2.11-1.0.1.jar;D:\libraries\org\scala-lang\scala-reflect\2.11.1\scala-reflect-2.11.1.jar;D:\libraries\org\scala-lang\scala-swing_2.11\1.0.1\scala-swing_2.11-1.0.1.jar;D:\libraries\org\scala-lang\scala-xml_2.11\1.0.2\scala-xml_2.11-1.0.2.jar;D:\libraries\lzma\lzma\0.0.1\lzma-0.0.1.jar;D:\libraries\java3d\vecmath\1.5.2\vecmath-1.5.2.jar;D:\libraries\net\sf\trove4j\trove4j\3.0.3\trove4j-3.0.3.jar;D:\libraries\org\apache\maven\maven-artifact\3.5.3\maven-artifact-3.5.3.jar;D:\libraries\net\sf\jopt-simple\jopt-simple\5.0.3\jopt-simple-5.0.3.jar;D:\libraries\org\apache\logging\log4j\log4j-api\2.15.0\log4j-api-2.15.0.jar;D:\libraries\org\apache\logging\log4j\log4j-core\2.15.0\log4j-core-2.15.0.jar;D:\libraries\org\tlauncher\patchy\1.3.9\patchy-1.3.9.jar;D:\libraries\oshi-project\oshi-core\1.1\oshi-core-1.1.jar;D:\libraries\net\java\dev\jna\jna\4.4.0\jna-4.4.0.jar;D:\libraries\net\java\dev\jna\platform\3.4.0\platform-3.4.0.jar;D:\libraries\com\ibm\icu\icu4j-core-mojang\51.2\icu4j-core-mojang-51.2.jar;D:\libraries\net\sf\jopt-simple\jopt-simple\5.0.3\jopt-simple-5.0.3.jar;D:\libraries\com\paulscode\codecjorbis\20101023\codecjorbis-20101023.jar;D:\libraries\com\paulscode\codecwav\20101023\codecwav-20101023.jar;D:\libraries\com\paulscode\libraryjavasound\20101123\libraryjavasound-20101123.jar;D:\libraries\com\paulscode\librarylwjglopenal\20100824\librarylwjglopenal-20100824.jar;D:\libraries\com\paulscode\soundsystem\20120107\soundsystem-20120107.jar;D:\libraries\io\netty\netty-all\4.1.9.Final\netty-all-4.1.9.Final.jar;D:\libraries\com\google\guava\guava\21.0\guava-21.0.jar;D:\libraries\org\apache\commons\commons-lang3\3.5\commons-lang3-3.5.jar;D:\libraries\commons-io\commons-io\2.5\commons-io-2.5.jar;D:\libraries\commons-codec\commons-codec\1.10\commons-codec-1.10.jar;D:\libraries\net\java\jinput\jinput\2.0.5\jinput-2.0.5.jar;D:\libraries\net\java\jutils\jutils\1.0.0\jutils-1.0.0.jar;D:\libraries\com\google\code\gson\gson\2.8.0\gson-2.8.0.jar;D:\libraries\org\tlauncher\authlib\1.6.251\authlib-1.6.251.jar;D:\libraries\com\mojang\realms\1.10.22\realms-1.10.22.jar;D:\libraries\org\apache\commons\commons-compress\1.8.1\commons-compress-1.8.1.jar;D:\libraries\org\apache\httpcomponents\httpclient\4.3.3\httpclient-4.3.3.jar;D:\libraries\commons-logging\commons-logging\1.1.3\commons-logging-1.1.3.jar;D:\libraries\org\apache\httpcomponents\httpcore\4.3.2\httpcore-4.3.2.jar;D:\libraries\it\unimi\dsi\fastutil\7.1.0\fastutil-7.1.0.jar;D:\libraries\org\apache\logging\log4j\log4j-api\2.8.1\log4j-api-2.8.1.jar;D:\libraries\org\apache\logging\log4j\log4j-core\2.8.1\log4j-core-2.8.1.jar;D:\libraries\org\lwjgl\lwjgl\lwjgl\2.9.4-nightly-20150209\lwjgl-2.9.4-nightly-20150209.jar;D:\libraries\org\lwjgl\lwjgl\lwjgl_util\2.9.4-nightly-20150209\lwjgl_util-2.9.4-nightly-20150209.jar;D:\libraries\com\mojang\text2speech\1.10.3\text2speech-1.10.3.jar;D:\versions\ForgeOptiFine 1.12.2\ForgeOptiFine 1.12.2.jar -Xmx3000M -XX:+UnlockExperimentalVMOptions -XX:+UseG1GC -XX:G1NewSizePercent=20 -XX:G1ReservePercent=20 -XX:MaxGCPauseMillis=50 -XX:G1HeapRegionSize=32M -Dfml.ignoreInvalidMinecraftCertificates=true -Dfml.ignorePatchDiscrepancies=true -Djava.net.preferIPv4Stack=true -Dminecraft.applet.TargetDirectory=D:\ -Dlog4j.configurationFile=D:\assets\log_configs\client-1.12.xml net.minecraft.launchwrapper.Launch --username bloogas --version ForgeOptiFine 1.12.2 --gameDir D:\ --assetsDir D:\assets --assetIndex 1.12 --uuid bf40118e-635f-11ee-a9a3-f02f74958d22 --accessToken null --userType mojang --tweakClass net.minecraftforge.fml.common.launcher.FMLTweaker --versionType Forge --width 925 --height 530
[Launcher] Launching Minecraft...
I'm hiding!
[TLauncherManager] mods after D:\mods\Baubles-1.12-1.5.2.jar D:\mods\BetterFps-1.4.8.jar D:\mods\BrandonsCore-1.12.2-2.4.20.162-universal.jar D:\mods\CodeChickenLib-1.12.2-3.2.3.358-universal.jar D:\mods\DoggyTalents-1.12.2-1.15.1.6.jar D:\mods\Draconic-Evolution-1.12.2-2.3.28.354-universal.jar D:\mods\forbidden_arcanus-1.12.2-1.1.4.jar D:\mods\geckolib-forge-1.12.2-3.0.31.jar D:\mods\GrimoireOfGaia3-1.12.2-1.7.2.jar D:\mods\iceandfire-1.9.1-1.12.2.jar D:\mods\industrialcraft-2-2.8.222-ex112.jar D:\mods\jei_1.12.2-4.16.1.1001.jar D:\mods\llibrary-1.7.20-1.12.2.jar D:\mods\mowziesmobs-1.5.8.jar D:\mods\OptiFine-1.12.2_HD_U_G5.jar D:\mods\OptiFine-OptiFine-1.12.2_HD_U_G5.jar D:\mods\ore-spawn-mod-1_12_2.jar D:\mods\particleculling-1.12.2-v1.4.1.jar D:\mods\RedstoneFlux-1.12-2.1.1.1-universal.jar D:\mods\Surge-1.12.2-2.0.79.jar D:\mods\Thaumcraft-1.12.2-6.1.BETA26.jar D:\mods\tlskincape_1.12.2-1.4.jar D:\mods\twilightforest_1.12.2_3.11.1021_universal.jar D:\mods\_MixinBootstrap-1.1.0.jar
[InnerMinecraftServersImpl]  search changers of the servers
read servers from servers.dat []
[InnerMinecraftServersImpl]  prepare inner servers
save servers to servers.dat
[Launcher] Game skin type: TLAUNCHER
[Launcher] Starting Minecraft ForgeOptiFine 1.12.2...
[Launcher] Launching in: D:\
Starting garbage collector: 103 / 444 MB
Garbage collector completed: 44 / 444 MB
[Launcher] Processing post-launch actions. Assist launch: true
===============================================================================================
[22:27:12] [main/INFO]: Loading tweak class name net.minecraftforge.fml.common.launcher.FMLTweaker
[22:27:16] [main/INFO]: Using primary tweak class name net.minecraftforge.fml.common.launcher.FMLTweaker
[22:27:16] [main/INFO]: Calling tweak class net.minecraftforge.fml.common.launcher.FMLTweaker
[22:27:17] [main/INFO]: Forge Mod Loader version 14.23.5.2860 for Minecraft 1.12.2 loading
[22:27:17] [main/INFO]: Java is Java HotSpot(TM) 64-Bit Server VM, version 1.8.0_51, running on Windows 10:amd64:10.0, installed at D:\runtime\jre-legacy\windows\jre-legacy
[22:27:42] [main/INFO]: Searching D:\mods for mods
[22:27:43] [main/INFO]: Loading tweaker org.spongepowered.asm.launch.MixinTweaker from _MixinBootstrap-1.1.0.jar
[22:27:43] [main/INFO]: Loading tweaker guichaguri.betterfps.tweaker.BetterFpsTweaker from BetterFps-1.4.8.jar
[22:27:44] [main/WARN]: Found FMLCorePluginContainsFMLMod marker in iceandfire-1.9.1-1.12.2.jar. This is not recommended, @Mods should be in a separate jar from the coremod.
[22:27:44] [main/WARN]: The coremod iceandfire (com.github.alexthe666.iceandfire.asm.IceAndFirePlugin) is not signed!
[22:27:45] [main/INFO]: Loading tweaker optifine.OptiFineForgeTweaker from OptiFine-1.12.2_HD_U_G5.jar
[22:27:45] [main/INFO]: Loading tweaker optifine.OptiFineForgeTweaker from OptiFine-OptiFine-1.12.2_HD_U_G5.jar
[22:27:45] [main/INFO]: Loading tweaker org.spongepowered.asm.launch.MixinTweaker from particleculling-1.12.2-v1.4.1.jar
[22:27:46] [main/INFO]: Loading tweaker org.spongepowered.asm.launch.MixinTweaker from Surge-1.12.2-2.0.79.jar
[22:27:46] [main/WARN]: Found FMLCorePluginContainsFMLMod marker in tlskincape_1.12.2-1.4.jar. This is not recommended, @Mods should be in a separate jar from the coremod.
2023-10-19 22:27:21,486 main WARN Error parsing URI D:\assets\log_configs\client-1.12.xml
[22:27:49] [main/INFO]: Loading tweak class name net.minecraftforge.fml.common.launcher.FMLInjectionAndSortingTweaker
[22:27:49] [main/INFO]: Loading tweak class name org.spongepowered.asm.launch.MixinTweaker
[22:27:51] [main/INFO]: SpongePowered MIXIN Subsystem Version=0.8.4 Source=file:/D:/mods/_MixinBootstrap-1.1.0.jar Service=LaunchWrapper Env=CLIENT
[22:27:61] [main/DEBUG]: Instantiating coremod class ParticleCullingLoadingPlugin
[22:27:61] [main/DEBUG]: The coremod bl4ckscor3.mod.particleculling.ParticleCullingLoadingPlugin requested minecraft version 1.12.2 and minecraft is 1.12.2. It will be loaded.
[22:27:61] [main/WARN]: The coremod ParticleCullingLoadingPlugin (bl4ckscor3.mod.particleculling.ParticleCullingLoadingPlugin) is not signed!
[22:27:62] [main/INFO]: Compatibility level set to JAVA_8
[22:27:62] [main/DEBUG]: Enqueued coremod ParticleCullingLoadingPlugin
[22:27:62] [main/DEBUG]: Instantiating coremod class SurgeLoadingPlugin
[22:27:62] [main/DEBUG]: The coremod net.darkhax.surge.core.SurgeLoadingPlugin requested minecraft version 1.12.2 and minecraft is 1.12.2. It will be loaded.
[22:27:62] [main/DEBUG]: Found signing certificates for coremod SurgeLoadingPlugin (net.darkhax.surge.core.SurgeLoadingPlugin)
[22:27:62] [main/DEBUG]: Found certificate d476d1b22b218a10d845928d1665d45fce301b27
[22:27:66] [main/DEBUG]: Enqueued coremod SurgeLoadingPlugin
[22:27:66] [main/INFO]: Loading tweak class name guichaguri.betterfps.tweaker.BetterFpsTweaker
[22:27:66] [main/INFO]: Loading tweak class name optifine.OptiFineForgeTweaker
[22:27:66] [main/WARN]: Tweak class name optifine.OptiFineForgeTweaker has already been visited -- skipping
[22:27:66] [main/WARN]: Tweak class name org.spongepowered.asm.launch.MixinTweaker has already been visited -- skipping
[22:27:66] [main/WARN]: Tweak class name org.spongepowered.asm.launch.MixinTweaker has already been visited -- skipping
[22:27:66] [main/INFO]: Loading tweak class name net.minecraftforge.fml.common.launcher.FMLDeobfTweaker
[22:27:66] [main/INFO]: Calling tweak class net.minecraftforge.fml.common.launcher.FMLInjectionAndSortingTweaker
[22:27:66] [main/INFO]: Calling tweak class net.minecraftforge.fml.common.launcher.FMLInjectionAndSortingTweaker
[22:27:66] [main/INFO]: Calling tweak class optifine.OptiFineForgeTweaker
[22:27:66] [main/INFO]: [optifine.OptiFineForgeTweaker:dbg:56]: OptiFineForgeTweaker: acceptOptions
[22:27:66] [main/INFO]: [optifine.OptiFineForgeTweaker:dbg:56]: OptiFineForgeTweaker: injectIntoClassLoader
[22:27:66] [main/INFO]: [optifine.OptiFineClassTransformer:dbg:242]: OptiFine ClassTransformer
[22:27:66] [main/INFO]: [optifine.OptiFineClassTransformer:dbg:242]: OptiFine ZIP file: D:\mods\OptiFine-1.12.2_HD_U_G5.jar
[22:27:66] [main/INFO]: Calling tweak class net.minecraftforge.fml.relauncher.CoreModManager$FMLPluginWrapper
[22:27:66] [main/DEBUG]: Injecting coremod FMLCorePlugin \{net.minecraftforge.fml.relauncher.FMLCorePlugin\} class transformers
[22:27:66] [main/TRACE]: Registering transformer net.minecraftforge.fml.common.asm.transformers.SideTransformer
[22:27:68] [main/TRACE]: Registering transformer net.minecraftforge.fml.common.asm.transformers.EventSubscriptionTransformer
[22:27:68] [main/TRACE]: Registering transformer net.minecraftforge.fml.common.asm.transformers.EventSubscriberTransformer
[22:27:69] [main/TRACE]: Registering transformer net.minecraftforge.fml.common.asm.transformers.SoundEngineFixTransformer
[22:27:69] [main/DEBUG]: Injection complete
[22:27:69] [main/DEBUG]: Running coremod plugin for FMLCorePlugin \{net.minecraftforge.fml.relauncher.FMLCorePlugin\}
[22:27:69] [main/DEBUG]: Running coremod plugin FMLCorePlugin
[22:27:63] [main/INFO]: Found valid fingerprint for Minecraft Forge. Certificate fingerprint e3c3d50c7c986df74c645c0ac54639741c90a557
[22:27:65] [main/INFO]: Found valid fingerprint for Minecraft. Certificate fingerprint cd99959656f753dc28d863b46769f7f8fbaefcfc
[22:27:65] [main/DEBUG]: Coremod plugin class FMLCorePlugin run successfully
[22:27:65] [main/INFO]: Calling tweak class net.minecraftforge.fml.relauncher.CoreModManager$FMLPluginWrapper
[22:27:65] [main/DEBUG]: Injecting coremod FMLForgePlugin \{net.minecraftforge.classloading.FMLForgePlugin\} class transformers
[22:27:65] [main/DEBUG]: Injection complete
[22:27:65] [main/DEBUG]: Running coremod plugin for FMLForgePlugin \{net.minecraftforge.classloading.FMLForgePlugin\}
[22:27:65] [main/DEBUG]: Running coremod plugin FMLForgePlugin
[22:27:65] [main/DEBUG]: Coremod plugin class FMLForgePlugin run successfully
[22:27:65] [main/INFO]: Calling tweak class net.minecraftforge.fml.relauncher.CoreModManager$FMLPluginWrapper
[22:27:65] [main/DEBUG]: Injecting coremod TLSkinCapeHookLoader \{org.tlauncher.skin.cape.asm.TLSkinCapeHookLoader\} class transformers
[22:27:65] [main/TRACE]: Registering transformer gloomyfolken.hooklib.minecraft.PrimaryClassTransformer
[22:27:66] [main/INFO]: [gloomyfolken.hooklib.asm.HookLogger$SystemOutLogger:debug:20]: [DEBUG] Parsing hooks container gloomyfolken.hooklib.minecraft.SecondaryTransformerHook
[22:27:66] [main/INFO]: [HOOKLIB]  Obfuscated: true
[22:27:68] [main/DEBUG]: Injection complete
[22:27:68] [main/DEBUG]: Running coremod plugin for TLSkinCapeHookLoader \{org.tlauncher.skin.cape.asm.TLSkinCapeHookLoader\}
[22:27:68] [main/DEBUG]: Running coremod plugin TLSkinCapeHookLoader
[22:27:68] [main/INFO]: [gloomyfolken.hooklib.asm.HookLogger$SystemOutLogger:debug:20]: [DEBUG] Parsing hooks container org.tlauncher.skin.cape.asm.TLSkinCapeHooks
[22:27:68] [main/DEBUG]: Coremod plugin class TLSkinCapeHookLoader run successfully
[22:27:68] [main/INFO]: Calling tweak class org.spongepowered.asm.launch.MixinTweaker
[22:27:68] [main/INFO]: Initialised Mixin FML Remapper Adapter with net.minecraftforge.fml.common.asm.transformers.deobf.FMLDeobfuscatingRemapper@42210be1
[22:27:68] [main/DEBUG]: Injecting coremod ParticleCullingLoadingPlugin \{bl4ckscor3.mod.particleculling.ParticleCullingLoadingPlugin\} class transformers
[22:27:68] [main/DEBUG]: Injection complete
[22:27:68] [main/DEBUG]: Running coremod plugin for ParticleCullingLoadingPlugin \{bl4ckscor3.mod.particleculling.ParticleCullingLoadingPlugin\}
[22:27:68] [main/DEBUG]: Running coremod plugin ParticleCullingLoadingPlugin
[22:27:68] [main/DEBUG]: Coremod plugin class ParticleCullingLoadingPlugin run successfully
[22:27:68] [main/DEBUG]: Injecting coremod SurgeLoadingPlugin \{net.darkhax.surge.core.SurgeLoadingPlugin\} class transformers
[22:27:68] [main/DEBUG]: Injection complete
[22:27:68] [main/DEBUG]: Running coremod plugin for SurgeLoadingPlugin \{net.darkhax.surge.core.SurgeLoadingPlugin\}
[22:27:68] [main/DEBUG]: Running coremod plugin SurgeLoadingPlugin
[22:27:68] [main/DEBUG]: Coremod plugin class SurgeLoadingPlugin run successfully
[22:27:68] [main/INFO]: Calling tweak class guichaguri.betterfps.tweaker.BetterFpsTweaker
[22:27:69] [main/INFO]: Calling tweak class net.minecraftforge.fml.common.launcher.FMLDeobfTweaker
[22:27:70] [main/DEBUG]: Validating minecraft
[22:27:71] [main/INFO]: [gloomyfolken.hooklib.asm.HookLogger$SystemOutLogger:debug:20]: [DEBUG] Injecting hooks into class net.minecraftforge.fml.common.Loader
[22:27:73] [main/INFO]: [gloomyfolken.hooklib.asm.HookLogger$SystemOutLogger:debug:20]: [DEBUG] Patching method net.minecraftforge.fml.common.Loader#injectData([Ljava/lang/Object;)
[22:27:78] [main/INFO]: [gloomyfolken.hooklib.asm.HookLogger$SystemOutLogger:debug:20]: [DEBUG] Methods dictionary loaded in 3 ms
[22:27:87] [main/INFO]: Calling tweak class net.minecraftforge.fml.relauncher.CoreModManager$FMLPluginWrapper
[22:27:92] [main/INFO]: Calling tweak class net.minecraftforge.fml.relauncher.CoreModManager$FMLPluginWrapper
[22:27:93] [main/INFO]: Loading tweak class name net.minecraftforge.fml.common.launcher.TerminalTweaker
[22:27:93] [main/INFO]: Loading tweak class name org.spongepowered.asm.mixin.EnvironmentStateTweaker
[22:27:93] [main/INFO]: Calling tweak class net.minecraftforge.fml.common.launcher.TerminalTweaker
[22:27:93] [main/INFO]: Calling tweak class org.spongepowered.asm.mixin.EnvironmentStateTweaker
[22:27:93] [main/INFO]: [optifine.OptiFineForgeTweaker:dbg:56]: OptiFineForgeTweaker: getLaunchArguments
[22:27:07] [main/INFO]: Launching wrapped minecraft {net.minecraft.client.main.Main}
[22:27:10] [main/INFO]: Patching net.minecraft.client.Minecraft... (bib)
[22:27:24] [main/INFO]: Patching net.minecraft.client.entity.EntityPlayerSP... (bud)
[22:27:24] [main/INFO]: [gloomyfolken.hooklib.asm.HookLogger$SystemOutLogger:debug:20]: [DEBUG] Injecting hooks into class net.minecraft.client.entity.AbstractClientPlayer
[22:27:25] [main/INFO]: [gloomyfolken.hooklib.asm.HookLogger$SystemOutLogger:debug:20]: [DEBUG] Patching method net.minecraft.client.entity.AbstractClientPlayer#getLocationSkin()Lnet/minecraft/util/ResourceLocation;
[22:27:25] [main/INFO]: [gloomyfolken.hooklib.asm.HookLogger$SystemOutLogger:debug:20]: [DEBUG] Patching method net.minecraft.client.entity.AbstractClientPlayer#getLocationCape()Lnet/minecraft/util/ResourceLocation;
[22:27:25] [main/INFO]: [gloomyfolken.hooklib.asm.HookLogger$SystemOutLogger:debug:20]: [DEBUG] Patching method net.minecraft.client.entity.AbstractClientPlayer#getSkinType()
[22:27:26] [main/INFO]: [gloomyfolken.hooklib.asm.HookLogger$SystemOutLogger:debug:20]: [DEBUG] Injecting hooks into class net.minecraft.entity.player.EntityPlayer
[22:27:28] [main/INFO]: [gloomyfolken.hooklib.asm.HookLogger$SystemOutLogger:debug:20]: [DEBUG] Patching method net.minecraft.entity.player.EntityPlayer#isWearing(Lnet/minecraft/entity/player/EnumPlayerModelParts;)
[22:27:61] [Client thread/INFO]: Environment: authHost='https://authserver.mojang.com', accountsHost='https://api.mojang.com', sessionHost='https://sessionserver.mojang.com', name='PROD'
[22:27:61] [Client thread/INFO]: Setting user: bloogas
[22:27:64] [Client thread/INFO]: [gloomyfolken.hooklib.asm.HookLogger$SystemOutLogger:debug:20]: [DEBUG] Injecting hooks into class net.minecraftforge.fml.common.Loader
[22:27:68] [Client thread/INFO]: Patching net.minecraft.block.Block... (aow)
[22:27:95] [Client thread/INFO]: Patching math utils with "RIVENS_HALF" algorithm
[22:27:33] [Client thread/INFO]: Patching net.minecraft.tileentity.TileEntityBeacon... (avh)
[22:27:39] [Client thread/INFO]: Patching net.minecraft.block.BlockHopper... (arl)
[22:27:39] [Client thread/INFO]: Patching net.minecraft.tileentity.TileEntityHopper... (avw)
[22:27:35] [Client thread/INFO]: [OptiFine] *** Reflector Forge ***
[22:27:36] [Client thread/INFO]: Patching net.minecraft.client.renderer.EntityRenderer... (buq)
[22:27:39] [Client thread/INFO]: [OptiFine] *** Reflector Vanilla ***
[22:27:39] [BetterFps Update Checker/WARN]: Could not check for updates: widget.mcf.li
[22:27:46] [Client thread/INFO]: LWJGL Version: 2.9.4
[22:27:61] [Client thread/INFO]: [OptiFine] 
[22:27:61] [Client thread/INFO]: [OptiFine] OptiFine_1.12.2_HD_U_G5
[22:27:61] [Client thread/INFO]: [OptiFine] Build: 20210124-142939
[22:27:61] [Client thread/INFO]: [OptiFine] OS: Windows 10 (amd64) version 10.0
[22:27:61] [Client thread/INFO]: [OptiFine] Java: 1.8.0_51, Oracle Corporation
[22:27:61] [Client thread/INFO]: [OptiFine] VM: Java HotSpot(TM) 64-Bit Server VM (mixed mode), Oracle Corporation
[22:27:61] [Client thread/INFO]: [OptiFine] LWJGL: 2.9.4
[22:27:61] [Client thread/INFO]: [OptiFine] OpenGL: NVIDIA GeForce RTX 3060/PCIe/SSE2, version 4.6.0 NVIDIA 536.40, NVIDIA Corporation
[22:27:61] [Client thread/INFO]: [OptiFine] OpenGL Version: 4.6.0
[22:27:63] [Client thread/INFO]: [OptiFine] Maximum texture size: 32768x32768
[22:27:63] [VersionCheck/INFO]: [OptiFine] Checking for new version
[22:27:68] [Client thread/INFO]: [Shaders] OpenGL Version: 4.6.0 NVIDIA 536.40
[22:27:68] [Client thread/INFO]: [Shaders] Vendor:  NVIDIA Corporation
[22:27:68] [Client thread/INFO]: [Shaders] Renderer: NVIDIA GeForce RTX 3060/PCIe/SSE2
[22:27:68] [Client thread/INFO]: [Shaders] Capabilities:  2.0  2.1  3.0  3.2  4.0 
[22:27:68] [Client thread/INFO]: [Shaders] GL_MAX_DRAW_BUFFERS: 8
[22:27:68] [Client thread/INFO]: [Shaders] GL_MAX_COLOR_ATTACHMENTS_EXT: 8
[22:27:68] [Client thread/INFO]: [Shaders] GL_MAX_TEXTURE_IMAGE_UNITS: 32
[22:27:68] [Client thread/INFO]: [Shaders] Load shaders configuration.
[22:27:68] [Client thread/INFO]: [Shaders] Save shaders configuration.
[22:27:68] [Client thread/INFO]: [Shaders] No shaderpack loaded.
[22:27:70] [Client thread/INFO]: [OptiFine] [Shaders] Delayed loading of block mappings after resources are loaded
[22:27:70] [Client thread/INFO]: [OptiFine] [Shaders] Delayed loading of item mappings after resources are loaded
[22:27:70] [Client thread/INFO]: [OptiFine] [Shaders] Delayed loading of entity mappings after resources are loaded
[22:27:87] [Client thread/WARN]: Unable to call Core API! It has not been initialized yet!
[22:27:87] [Client thread/WARN]: Unable to call Core API! It has not been initialized yet!
[22:27:89] [Client thread/INFO]: Forge Mod Loader has detected optifine OptiFine_1.12.2_HD_U_G5, enabling compatibility features
[22:27:91] [Client thread/INFO]: -- System Details --
Details:
	Minecraft Version: 1.12.2
	Operating System: Windows 10 (amd64) version 10.0
	Java Version: 1.8.0_51, Oracle Corporation
	Java VM Version: Java HotSpot(TM) 64-Bit Server VM (mixed mode), Oracle Corporation
	Memory: 334394232 bytes (318 MB) / 1073741824 bytes (1024 MB) up to 3154116608 bytes (3008 MB)
	JVM Flags: 7 total; -Xmx3000M -XX:+UnlockExperimentalVMOptions -XX:+UseG1GC -XX:G1NewSizePercent=20 -XX:G1ReservePercent=20 -XX:MaxGCPauseMillis=50 -XX:G1HeapRegionSize=32M
	IntCache: cache: 0, tcache: 0, allocated: 0, tallocated: 0
	FML: 
	Loaded coremods (and transformers): 
llibrary (llibrary-core-1.0.11-1.12.2.jar)
  net.ilexiconn.llibrary.server.core.plugin.LLibraryTransformer
  net.ilexiconn.llibrary.server.core.patcher.LLibraryRuntimePatcher
ParticleCullingLoadingPlugin (particleculling-1.12.2-v1.4.1.jar)
  
iceandfire (iceandfire-1.9.1-1.12.2.jar)
  com.github.alexthe666.iceandfire.patcher.IceAndFireRuntimePatcher
SurgeLoadingPlugin (Surge-1.12.2-2.0.79.jar)
  
TLSkinCapeHookLoader (tlskincape_1.12.2-1.4.jar)
  gloomyfolken.hooklib.minecraft.PrimaryClassTransformer
	GL info: ' Vendor: 'NVIDIA Corporation' Version: '4.6.0 NVIDIA 536.40' Renderer: 'NVIDIA GeForce RTX 3060/PCIe/SSE2'
[22:27:92] [Client thread/INFO]: MinecraftForge v14.23.5.2860 Initialized
[22:27:93] [Client thread/INFO]: Starts to replace vanilla recipe ingredients with ore ingredients.
[22:27:94] [Client thread/INFO]: Invalid recipe found with multiple oredict ingredients in the same ingredient...
[22:27:96] [Client thread/INFO]: Replaced 1227 ore ingredients
[22:27:09] [Client thread/INFO]: Searching D:\mods for mods
[22:27:29] [VersionCheck/INFO]: [OptiFine] Version found: G5
[22:27:43] [Client thread/WARN]: Mod codechickenlib is missing the required element 'version' and a version.properties file could not be found. Falling back to metadata version 3.2.3.358
[22:27:46] [Client thread/WARN]: Mod doggytalents is missing the required element 'version' and a version.properties file could not be found. Falling back to metadata version 1.15.1.6
[22:27:01] [Client thread/INFO]: Forge Mod Loader has identified 24 mods to load
[22:27:22] [Client thread/INFO]: Attempting connection with missing mods [minecraft, mcp, FML, forge, baubles, brandonscore, codechickenlib, doggytalents, draconicevolution, forbidden_arcanus, geckolib3, grimoireofgaia, iceandfire, ic2, jei, mowziesmobs, orespawn, particleculling, redstoneflux, surge, thaumcraft, tlauncher_custom_cape_skin, twilightforest, llibrary] at CLIENT
[22:27:22] [Client thread/INFO]: Attempting connection with missing mods [minecraft, mcp, FML, forge, baubles, brandonscore, codechickenlib, doggytalents, draconicevolution, forbidden_arcanus, geckolib3, grimoireofgaia, iceandfire, ic2, jei, mowziesmobs, orespawn, particleculling, redstoneflux, surge, thaumcraft, tlauncher_custom_cape_skin, twilightforest, llibrary] at SERVER
[22:27:45] [Client thread/ERROR]: The mod redstoneflux is expecting signature 8a6abf2cb9e141b866580d369ba6548732eff25f for source RedstoneFlux-1.12-2.1.1.1-universal.jar, however there is no signature matching that description
[22:27:45] [Client thread/INFO]: Brandon's Core online! Waiting for Draconic Evolution to join the party....
[22:27:45] [Client thread/INFO]: Draconic Evolution online!
[22:27:45] [Client thread/INFO]: Hay! There you are! Now lets destroy some worlds!!
[22:27:45] [Client thread/INFO]: Sounds like fun! Lets get to it!
[22:27:54] [Client thread/INFO]: Hello Minecraft!!!
[22:27:03] [Thread-3/INFO]: Using sync timing. 200 frames of Display.update took 97514100 nanos
[22:27:67] [Client thread/INFO]: Reloading ResourceManager: BetterFps, Default, FMLFileResourcePack:Forge Mod Loader, FMLFileResourcePack:Minecraft Forge, FMLFileResourcePack:Baubles, FMLFileResourcePack:Brandon's Core, FMLFileResourcePack:CodeChicken Lib, FMLFileResourcePack:Doggy Talents, FMLFileResourcePack:Draconic Evolution, FMLFileResourcePack:Forbidden & Arcanus, FMLFileResourcePack:GeckoLib, FMLFileResourcePack:Grimoire of Gaia 3, FMLFileResourcePack:Ice and Fire, FMLFileResourcePack:IndustrialCraft 2, FMLFileResourcePack:Just Enough Items, FMLFileResourcePack:Mowzie's Mobs, FMLFileResourcePack:OreSpawn, FMLFileResourcePack:Particle Culling, FMLFileResourcePack:Redstone Flux, FMLFileResourcePack:Surge, FMLFileResourcePack:Thaumcraft, FMLFileResourcePack:TLSkinCape, FMLFileResourcePack:The Twilight Forest, FMLFileResourcePack:LLibrary
[22:27:70] [Client thread/WARN]: ResourcePack: ignored non-lowercase namespace: META-INF in D:\mods\iceandfire-1.9.1-1.12.2.jar
[22:27:70] [Client thread/WARN]: ResourcePack: ignored non-lowercase namespace: META-INF in D:\mods\iceandfire-1.9.1-1.12.2.jar
[22:27:74] [Client thread/INFO]: Processing ObjectHolder annotations
[22:27:91] [Client thread/INFO]: Found 2580 ObjectHolder annotations
[22:27:92] [Client thread/INFO]: Identifying ItemStackHolder annotations
[22:27:92] [Client thread/INFO]: Found 0 ItemStackHolder annotations
[22:27:95] [Client thread/INFO]: Configured a dormant chunk cache size of 0
[22:27:96] [Forge Version Check/INFO]: [codechickenlib] Starting version check at http://chickenbones.net/Files/notification/version.php?query=forge&version=1.12&file=CodeChickenLib
[22:27:24] [Client thread/INFO]: Found mod feature container for mod: draconicevolution
[22:27:25] [Client thread/INFO]: Found mod config container for mod: brandonscore
[22:27:26] [Client thread/INFO]: Found mod config container for mod: draconicevolution
[22:27:26] [Client thread/INFO]: Found mod config container for mod: draconicevolution
[22:27:27] [Client thread/INFO]: Loading mod config for: draconicevolution
[22:27:28] [Client thread/INFO]: Loading mod config for: brandonscore
[22:27:28] [Client thread/WARN]: No features were detected for mod: brandonscore. This maybe an issue or maybe this mod just does not have any items or blocks.
[22:27:36] [Client thread/INFO]: Registering features for mod: draconicevolution
[22:27:36] [Client thread/INFO]: Registering feature renderers for mod: draconicevolution
[22:27:51] [Client thread/INFO]: Finished PreInitialization
[22:27:51] [Client thread/INFO]: OBJLoader: Domain draconicevolution has been added.
[22:27:56] [Client thread/INFO]: Downloading Project Intelligence Mod Manifest...
[22:27:77] [Forge Version Check/INFO]: [codechickenlib] Found status: BETA Target: null
[22:27:78] [Forge Version Check/INFO]: [doggytalents] Starting version check at https://raw.githubusercontent.com/percivalalb/DoggyTalents/1.12.2/version.json
[22:27:83] [Client thread/INFO]: TabulaModelHandler: Domain llibrary has been added.
[22:27:94] [Client thread/WARN]: Potentially Dangerous alternative prefix `minecraft` for name `lectern`, expected `iceandfire`. This could be a intended override, but in most cases indicates a broken mod.
[22:27:94] [Client thread/WARN]: Potentially Dangerous alternative prefix `minecraft` for name `podium`, expected `iceandfire`. This could be a intended override, but in most cases indicates a broken mod.
[22:27:95] [Client thread/WARN]: Potentially Dangerous alternative prefix `minecraft` for name `egginice`, expected `iceandfire`. This could be a intended override, but in most cases indicates a broken mod.
[22:27:95] [Client thread/WARN]: Potentially Dangerous alternative prefix `minecraft` for name `pixie_house`, expected `iceandfire`. This could be a intended override, but in most cases indicates a broken mod.
[22:27:95] [Client thread/WARN]: Potentially Dangerous alternative prefix `minecraft` for name `jar`, expected `iceandfire`. This could be a intended override, but in most cases indicates a broken mod.
[22:27:96] [Client thread/WARN]: Potentially Dangerous alternative prefix `minecraft` for name `dread_portal`, expected `iceandfire`. This could be a intended override, but in most cases indicates a broken mod.
[22:27:96] [Client thread/WARN]: Potentially Dangerous alternative prefix `minecraft` for name `dread_spawner`, expected `iceandfire`. This could be a intended override, but in most cases indicates a broken mod.
[22:27:96] [Client thread/WARN]: Potentially Dangerous alternative prefix `minecraft` for name `dummygorgonheadidle`, expected `iceandfire`. This could be a intended override, but in most cases indicates a broken mod.
[22:27:96] [Client thread/WARN]: Potentially Dangerous alternative prefix `minecraft` for name `dummygorgonheadactive`, expected `iceandfire`. This could be a intended override, but in most cases indicates a broken mod.
[22:27:96] [Client thread/WARN]: Potentially Dangerous alternative prefix `minecraft` for name `myrmexcocoon`, expected `iceandfire`. This could be a intended override, but in most cases indicates a broken mod.
[22:27:96] [Client thread/WARN]: Potentially Dangerous alternative prefix `minecraft` for name `dragonforge`, expected `iceandfire`. This could be a intended override, but in most cases indicates a broken mod.
[22:27:96] [Client thread/WARN]: Potentially Dangerous alternative prefix `minecraft` for name `dragonforgeinput`, expected `iceandfire`. This could be a intended override, but in most cases indicates a broken mod.
[22:27:97] [Client thread/WARN]: Potentially Dangerous alternative prefix `minecraft` for name `dragonforgebrick`, expected `iceandfire`. This could be a intended override, but in most cases indicates a broken mod.
[22:27:97] [Client thread/INFO]: A raven flies from the north to the sea
[22:27:97] [Client thread/INFO]: A dragon whispers her name in the east
[22:27:12] [Client thread/WARN]: Patcher expecting empty class data file for net.minecraft.block.state.BlockStateContainer$Builder, but received non-empty
[22:27:36] [Forge Version Check/INFO]: [twilightforest] Starting version check at https://raw.githubusercontent.com/TeamTwilight/twilightforest/1.12.x/update.json
[22:27:49] [Forge Version Check/INFO]: [twilightforest] Found status: AHEAD Target: null
[22:27:50] [Forge Version Check/INFO]: [forge] Starting version check at http://files.minecraftforge.net/maven/net/minecraftforge/forge/promotions_slim.json
[22:27:41] [Forge Version Check/INFO]: [llibrary] Starting version check at https://gist.githubusercontent.com/Gegy/a6639456aeb8edd92cbf7cbfcf9d65d9/raw/llibrary_updates.json
[22:27:53] [Forge Version Check/INFO]: [llibrary] Found status: UP_TO_DATE Target: null
[22:27:13] [Client thread/INFO]: Successfully loaded 354 out of 354 recipes for shaped recipes
[22:27:14] [Client thread/INFO]: Successfully loaded 79 out of 79 recipes for shapeless recipes
[22:27:16] [Client thread/INFO]: Successfully loaded 41 out of 41 recipes for solid uu recipes
[22:27:16] [Client thread/INFO]: Successfully loaded 27 out of 27 recipes for furnace recipes
[22:27:17] [Client thread/INFO]: Successfully loaded 5 out of 5 recipes for blast furnace recipes
[22:27:17] [Client thread/INFO]: Successfully loaded 14 out of 14 recipes for block cutter recipes
[22:27:17] [Client thread/INFO]: Successfully loaded 51 out of 51 recipes for compressor recipes
[22:27:17] [Client thread/INFO]: Successfully loaded 14 out of 14 recipes for extractor recipes
[22:27:17] [Client thread/INFO]: Successfully loaded 89 out of 89 recipes for macerator recipes
[22:27:17] [Client thread/INFO]: Successfully loaded 5 out of 5 recipes for metal former cutting recipes
[22:27:17] [Client thread/INFO]: Successfully loaded 10 out of 10 recipes for metal former extruding recipes
[22:27:17] [Client thread/INFO]: Successfully loaded 14 out of 14 recipes for metal former rolling recipes
[22:27:17] [Client thread/INFO]: Successfully loaded 8 out of 8 recipes for ore washing recipes
[22:27:18] [Client thread/INFO]: Successfully loaded 26 out of 26 recipes for thermal centrifuge recipes
[22:27:33] [Client thread/WARN]: The item tritium_fuel_rod is not initialized.
[22:27:34] [Client thread/WARN]: The item plasma_launcher is not initialized.
[22:27:34] [Client thread/WARN]: The item item_pipe is not initialized.
[22:27:34] [Client thread/WARN]: The item extractor_cover is not initialized.
[22:27:34] [Client thread/WARN]: The item ingot2 is not initialized.
[22:27:34] [Client thread/WARN]: The item test_pick is not initialized.
[22:27:34] [Client thread/WARN]: The fluid deuterium is not initialized.
[22:27:34] [Client thread/WARN]: The fluid molten_brass is not initialized.
[22:27:34] [Client thread/WARN]: The fluid molten_bronze is not initialized.
[22:27:34] [Client thread/WARN]: The fluid molten_copper is not initialized.
[22:27:34] [Client thread/WARN]: The fluid molten_gold is not initialized.
[22:27:34] [Client thread/WARN]: The fluid molten_iron is not initialized.
[22:27:34] [Client thread/WARN]: The fluid molten_lead is not initialized.
[22:27:34] [Client thread/WARN]: The fluid molten_silver is not initialized.
[22:27:34] [Client thread/WARN]: The fluid molten_steel is not initialized.
[22:27:34] [Client thread/WARN]: The fluid molten_tin is not initialized.
[22:27:34] [Client thread/WARN]: The fluid molten_zinc is not initialized.
[22:27:66] [Client thread/INFO]: [danger.orespawn.init.ModBiomes:initBiome:26]: Registered Mining Biome biome
[22:27:72] [Client thread/INFO]: OBJLoader: Domain thaumcraft has been added.
[22:27:03] [Client thread/INFO]: Loaded compatibility for mod Baubles.
[22:27:03] [Client thread/INFO]: Skipped compatibility for mod Chisel.
[22:27:03] [Client thread/INFO]: Skipped compatibility for mod Forestry.
[22:27:03] [Client thread/INFO]: Skipped compatibility for mod Immersive Engineering.
[22:27:03] [Client thread/INFO]: Loaded compatibility for mod Just Enough Items.
[22:27:03] [Client thread/INFO]: Skipped compatibility for mod Tinkers' Construct.
[22:27:03] [Client thread/INFO]: Loaded compatibility for mod Thaumcraft.
[22:27:07] [Client thread/INFO]: Registering blocks...
[22:27:08] [Client thread/INFO]: Block registration complete.
[22:27:48] [Client thread/INFO]: Applying holder lookups
[22:27:49] [Client thread/INFO]: Holder lookups applied
[22:27:51] [Client thread/INFO]: Registering items...
[22:27:55] [Client thread/INFO]: Item registration complete.
[22:27:55] [Client thread/INFO]: Registering item blocks...
[22:27:55] [Client thread/INFO]: Item block registration complete.
[22:27:67] [Client thread/INFO]: Applying holder lookups
[22:27:67] [Client thread/INFO]: Holder lookups applied
[22:27:73] [Client thread/INFO]: Registering entities...
[22:27:76] [Client thread/INFO]: Entity registration complete.
[22:27:03] [Client thread/INFO]: Registering Sounds
[22:27:03] [Client thread/INFO]: Sounds Finished
[22:27:04] [Client thread/INFO]: Applying holder lookups
[22:27:04] [Client thread/INFO]: Holder lookups applied
[22:27:04] [Client thread/INFO]: TabulaModelHandler: Domain mowziesmobs has been added.
[22:27:11] [Client thread/INFO]: Applying holder lookups
[22:27:11] [Client thread/INFO]: Holder lookups applied
[22:27:11] [Client thread/INFO]: Injecting itemstacks
[22:27:11] [Client thread/INFO]: Itemstack injection complete
[22:27:11] [Client thread/INFO]: [OptiFine] *** Reloading textures ***
[22:27:11] [Client thread/INFO]: [OptiFine] Resource packs: Default
[22:27:15] [Client thread/WARN]: Missing sound for event: thaumcraft:runicshieldcharge
[22:27:15] [Sound Library Loader/INFO]: Starting up SoundSystem...
[22:27:36] [Thread-7/INFO]: Initializing LWJGL OpenAL
[22:27:36] [Thread-7/INFO]: (The LWJGL binding of OpenAL.  For more information, see http://www.lwjgl.org)
[22:27:40] [Thread-7/INFO]: OpenAL initialized.
[22:27:76] [Sound Library Loader/INFO]: Sound engine started
[22:27:82] [Client thread/INFO]: OBJLoader.MaterialLibrary: key 'Ns' (model: 'thaumcraft:models/block/arcane_workbench_charger.mtl') is not currently supported, skipping
[22:27:82] [Client thread/INFO]: OBJLoader.MaterialLibrary: key 'Ni' (model: 'thaumcraft:models/block/arcane_workbench_charger.mtl') is not currently supported, skipping
[22:27:82] [Client thread/INFO]: OBJLoader.MaterialLibrary: key 'Tf' (model: 'thaumcraft:models/block/arcane_workbench_charger.mtl') is not currently supported, skipping
[22:27:82] [Client thread/INFO]: OBJLoader.MaterialLibrary: key 'illum' (model: 'thaumcraft:models/block/arcane_workbench_charger.mtl') is not currently supported, skipping
[22:27:82] [Client thread/INFO]: OBJModel: A color has already been defined for material 'texture' in 'thaumcraft:models/block/arcane_workbench_charger.mtl'. The color defined by key 'Ks' will not be applied!
[22:27:82] [Client thread/INFO]: OBJLoader.MaterialLibrary: key 'Ke' (model: 'thaumcraft:models/block/arcane_workbench_charger.mtl') is not currently supported, skipping
[22:27:85] [Client thread/INFO]: OBJLoader.MaterialLibrary: key 'Ns' (model: 'thaumcraft:models/block/pillar.mtl') is not currently supported, skipping
[22:27:85] [Client thread/INFO]: OBJLoader.MaterialLibrary: key 'Ni' (model: 'thaumcraft:models/block/pillar.mtl') is not currently supported, skipping
[22:27:85] [Client thread/INFO]: OBJLoader.MaterialLibrary: key 'Tf' (model: 'thaumcraft:models/block/pillar.mtl') is not currently supported, skipping
[22:27:85] [Client thread/INFO]: OBJLoader.MaterialLibrary: key 'illum' (model: 'thaumcraft:models/block/pillar.mtl') is not currently supported, skipping
[22:27:85] [Client thread/INFO]: OBJModel: A color has already been defined for material 'texture' in 'thaumcraft:models/block/pillar.mtl'. The color defined by key 'Ks' will not be applied!
[22:27:85] [Client thread/INFO]: OBJLoader.MaterialLibrary: key 'Ke' (model: 'thaumcraft:models/block/pillar.mtl') is not currently supported, skipping
[22:27:87] [Client thread/INFO]: OBJLoader.MaterialLibrary: key 'Ns' (model: 'thaumcraft:models/block/thaumatorium.mtl') is not currently supported, skipping
[22:27:87] [Client thread/INFO]: OBJLoader.MaterialLibrary: key 'Ni' (model: 'thaumcraft:models/block/thaumatorium.mtl') is not currently supported, skipping
[22:27:87] [Client thread/INFO]: OBJLoader.MaterialLibrary: key 'Tf' (model: 'thaumcraft:models/block/thaumatorium.mtl') is not currently supported, skipping
[22:27:87] [Client thread/INFO]: OBJLoader.MaterialLibrary: key 'illum' (model: 'thaumcraft:models/block/thaumatorium.mtl') is not currently supported, skipping
[22:27:87] [Client thread/INFO]: OBJModel: A color has already been defined for material 'texture' in 'thaumcraft:models/block/thaumatorium.mtl'. The color defined by key 'Ks' will not be applied!
[22:27:87] [Client thread/INFO]: OBJLoader.MaterialLibrary: key 'Ke' (model: 'thaumcraft:models/block/thaumatorium.mtl') is not currently supported, skipping
[22:27:21] [Client thread/INFO]: OBJLoader.MaterialLibrary: key 'Ns' (model: 'thaumcraft:models/block/golembuilder.mtl') is not currently supported, skipping
[22:27:21] [Client thread/INFO]: OBJLoader.MaterialLibrary: key 'Ni' (model: 'thaumcraft:models/block/golembuilder.mtl') is not currently supported, skipping
[22:27:21] [Client thread/INFO]: OBJLoader.MaterialLibrary: key 'Tf' (model: 'thaumcraft:models/block/golembuilder.mtl') is not currently supported, skipping
[22:27:21] [Client thread/INFO]: OBJLoader.MaterialLibrary: key 'illum' (model: 'thaumcraft:models/block/golembuilder.mtl') is not currently supported, skipping
[22:27:21] [Client thread/INFO]: OBJModel: A color has already been defined for material 'texture' in 'thaumcraft:models/block/golembuilder.mtl'. The color defined by key 'Ks' will not be applied!
[22:27:21] [Client thread/INFO]: OBJLoader.MaterialLibrary: key 'Ke' (model: 'thaumcraft:models/block/golembuilder.mtl') is not currently supported, skipping
[22:27:22] [Client thread/INFO]: OBJLoader.MaterialLibrary: key 'Ns' (model: 'thaumcraft:models/item/scanner.mtl') is not currently supported, skipping
[22:27:22] [Client thread/INFO]: OBJLoader.MaterialLibrary: key 'Ni' (model: 'thaumcraft:models/item/scanner.mtl') is not currently supported, skipping
[22:27:22] [Client thread/INFO]: OBJLoader.MaterialLibrary: key 'Tf' (model: 'thaumcraft:models/item/scanner.mtl') is not currently supported, skipping
[22:27:22] [Client thread/INFO]: OBJLoader.MaterialLibrary: key 'illum' (model: 'thaumcraft:models/item/scanner.mtl') is not currently supported, skipping
[22:27:22] [Client thread/INFO]: OBJModel: A color has already been defined for material 'body' in 'thaumcraft:models/item/scanner.mtl'. The color defined by key 'Ks' will not be applied!
[22:27:22] [Client thread/INFO]: OBJLoader.MaterialLibrary: key 'Ke' (model: 'thaumcraft:models/item/scanner.mtl') is not currently supported, skipping
[22:27:22] [Client thread/INFO]: OBJModel: A color has already been defined for material 'pane' in 'thaumcraft:models/item/scanner.mtl'. The color defined by key 'Ks' will not be applied!
[22:27:59] [Client thread/INFO]: [OptiFine] Mipmap levels: 4
[22:27:60] [Client thread/INFO]: [OptiFine] Multitexture: false
[22:27:61] [Client thread/INFO]: [OptiFine] ConnectedTextures: mcpatcher/ctm/default/0_glass_white/glass_pane_white.properties
[22:27:62] [Client thread/INFO]: [OptiFine] ConnectedTextures: mcpatcher/ctm/default/0_glass_white/glass_white.properties
[22:27:62] [Client thread/INFO]: [OptiFine] ConnectedTextures: mcpatcher/ctm/default/10_glass_purple/glass_pane_purple.properties
[22:27:62] [Client thread/INFO]: [OptiFine] ConnectedTextures: mcpatcher/ctm/default/10_glass_purple/glass_purple.properties
[22:27:62] [Client thread/INFO]: [OptiFine] ConnectedTextures: mcpatcher/ctm/default/11_glass_blue/glass_blue.properties
[22:27:62] [Client thread/INFO]: [OptiFine] ConnectedTextures: mcpatcher/ctm/default/11_glass_blue/glass_pane_blue.properties
[22:27:62] [Client thread/INFO]: [OptiFine] ConnectedTextures: mcpatcher/ctm/default/12_glass_brown/glass_brown.properties
[22:27:62] [Client thread/INFO]: [OptiFine] ConnectedTextures: mcpatcher/ctm/default/12_glass_brown/glass_pane_brown.properties
[22:27:62] [Client thread/INFO]: [OptiFine] ConnectedTextures: mcpatcher/ctm/default/13_glass_green/glass_green.properties
[22:27:62] [Client thread/INFO]: [OptiFine] ConnectedTextures: mcpatcher/ctm/default/13_glass_green/glass_pane_green.properties
[22:27:63] [Client thread/INFO]: [OptiFine] ConnectedTextures: mcpatcher/ctm/default/14_glass_red/glass_pane_red.properties
[22:27:63] [Client thread/INFO]: [OptiFine] ConnectedTextures: mcpatcher/ctm/default/14_glass_red/glass_red.properties
[22:27:63] [Client thread/INFO]: [OptiFine] ConnectedTextures: mcpatcher/ctm/default/15_glass_black/glass_black.properties
[22:27:63] [Client thread/INFO]: [OptiFine] ConnectedTextures: mcpatcher/ctm/default/15_glass_black/glass_pane_black.properties
[22:27:63] [Client thread/INFO]: [OptiFine] ConnectedTextures: mcpatcher/ctm/default/1_glass_orange/glass_orange.properties
[22:27:63] [Client thread/INFO]: [OptiFine] ConnectedTextures: mcpatcher/ctm/default/1_glass_orange/glass_pane_orange.properties
[22:27:63] [Client thread/INFO]: [OptiFine] ConnectedTextures: mcpatcher/ctm/default/2_glass_magenta/glass_magenta.properties
[22:27:63] [Client thread/INFO]: [OptiFine] ConnectedTextures: mcpatcher/ctm/default/2_glass_magenta/glass_pane_magenta.properties
[22:27:63] [Client thread/INFO]: [OptiFine] ConnectedTextures: mcpatcher/ctm/default/3_glass_light_blue/glass_light_blue.properties
[22:27:63] [Client thread/INFO]: [OptiFine] ConnectedTextures: mcpatcher/ctm/default/3_glass_light_blue/glass_pane_light_blue.properties
[22:27:63] [Client thread/INFO]: [OptiFine] ConnectedTextures: mcpatcher/ctm/default/4_glass_yellow/glass_pane_yellow.properties
[22:27:63] [Client thread/INFO]: [OptiFine] ConnectedTextures: mcpatcher/ctm/default/4_glass_yellow/glass_yellow.properties
[22:27:63] [Client thread/INFO]: [OptiFine] ConnectedTextures: mcpatcher/ctm/default/5_glass_lime/glass_lime.properties
[22:27:63] [Client thread/INFO]: [OptiFine] ConnectedTextures: mcpatcher/ctm/default/5_glass_lime/glass_pane_lime.properties
[22:27:63] [Client thread/INFO]: [OptiFine] ConnectedTextures: mcpatcher/ctm/default/6_glass_pink/glass_pane_pink.properties
[22:27:63] [Client thread/INFO]: [OptiFine] ConnectedTextures: mcpatcher/ctm/default/6_glass_pink/glass_pink.properties
[22:27:63] [Client thread/INFO]: [OptiFine] ConnectedTextures: mcpatcher/ctm/default/7_glass_gray/glass_gray.properties
[22:27:63] [Client thread/INFO]: [OptiFine] ConnectedTextures: mcpatcher/ctm/default/7_glass_gray/glass_pane_gray.properties
[22:27:63] [Client thread/INFO]: [OptiFine] ConnectedTextures: mcpatcher/ctm/default/8_glass_silver/glass_pane_silver.properties
[22:27:63] [Client thread/INFO]: [OptiFine] ConnectedTextures: mcpatcher/ctm/default/8_glass_silver/glass_silver.properties
[22:27:63] [Client thread/INFO]: [OptiFine] ConnectedTextures: mcpatcher/ctm/default/9_glass_cyan/glass_cyan.properties
[22:27:63] [Client thread/INFO]: [OptiFine] ConnectedTextures: mcpatcher/ctm/default/9_glass_cyan/glass_pane_cyan.properties
[22:27:63] [Client thread/INFO]: [OptiFine] ConnectedTextures: mcpatcher/ctm/default/bookshelf.properties
[22:27:63] [Client thread/INFO]: [OptiFine] ConnectedTextures: mcpatcher/ctm/default/glass.properties
[22:27:63] [Client thread/INFO]: [OptiFine] ConnectedTextures: mcpatcher/ctm/default/glasspane.properties
[22:27:64] [Client thread/INFO]: [OptiFine] ConnectedTextures: mcpatcher/ctm/default/sandstone.properties
[22:27:64] [Client thread/INFO]: [OptiFine] Multipass connected textures: false
[22:27:64] [Client thread/INFO]: [OptiFine] BetterGrass: Parsing default configuration optifine/bettergrass.properties
[22:27:82] [Client thread/ERROR]: Using missing texture, unable to load thaumcraft:textures/items\scanscreen.png.png, java.io.FileNotFoundException
[22:27:14] [Client thread/ERROR]: Using missing texture, unable to load minecraft:textures/\thaumcraft\thaumcraft110\src\main\resources\assets\thaumcraft\textures\blocks\thaumatorium.png.png, java.io.FileNotFoundException
[22:27:17] [Client thread/ERROR]: Using missing texture, unable to load minecraft:textures/\thaumcraft\thaumcraft110\bin\assets\thaumcraft\textures\blocks\golembuilder.png.png, java.io.FileNotFoundException
[22:27:18] [Client thread/ERROR]: Using missing texture, unable to load minecraft:textures/\thaumcraft\thaumcraft110\src\main\resources\assets\thaumcraft\textures\blocks\arcane_workbench_charger.png.png, java.io.FileNotFoundException
[22:27:29] [Client thread/ERROR]: Using missing texture, unable to load thaumcraft:textures/items\scanner.png.png, java.io.FileNotFoundException
[22:27:45] [Client thread/ERROR]: Using missing texture, unable to load minecraft:textures/textures/atlas/blocks.png.png, java.io.FileNotFoundException
[22:27:52] [Client thread/INFO]: [OptiFine] Custom loader sprites: 9
[22:27:52] [Client thread/INFO]: [OptiFine] Sprite dependencies: 12
[22:27:66] [Client thread/INFO]: Created: 2048x1024 textures-atlas
[22:27:69] [Client thread/INFO]: [OptiFine] Animated sprites: 157
[22:27:31] [Client thread/ERROR]: Exception loading model for variant twilightforest:trans_door#inventory, normal location exception: 
net.minecraftforge.client.model.ModelLoaderRegistry$LoaderException: Exception loading model twilightforest:item/trans_door with loader VanillaLoader.INSTANCE, skipping
	at net.minecraftforge.client.model.ModelLoaderRegistry.getModel(ModelLoaderRegistry.java:161)
	at net.minecraftforge.client.model.ModelLoader.func_177590_d(ModelLoader.java:302)
	at net.minecraft.client.renderer.block.model.ModelBakery.func_177577_b(ModelBakery.java:194)
	at net.minecraftforge.client.model.ModelLoader.func_177570_a(ModelLoader.java:151)
	at net.minecraft.client.renderer.block.model.ModelManager.func_110549_a(ModelManager.java:28)
	at net.minecraft.client.resources.SimpleReloadableResourceManager.func_110542_a(SimpleReloadableResourceManager.java:121)
	at net.minecraft.client.Minecraft.func_71384_a(Minecraft.java:513)
	at net.minecraft.client.Minecraft.func_99999_d(Minecraft.java:378)
	at net.minecraft.client.main.Main.main(SourceFile:123)
	at sun.reflect.NativeMethodAccessorImpl.invoke0(Native Method)
	at sun.reflect.NativeMethodAccessorImpl.invoke(NativeMethodAccessorImpl.java:62)
	at sun.reflect.DelegatingMethodAccessorImpl.invoke(DelegatingMethodAccessorImpl.java:43)
	at java.lang.reflect.Method.invoke(Method.java:497)
	at net.minecraft.launchwrapper.Launch.launch(Launch.java:135)
	at net.minecraft.launchwrapper.Launch.main(Launch.java:28)
Caused by: java.io.FileNotFoundException: twilightforest:models/item/trans_door.json
	at net.minecraft.client.resources.FallbackResourceManager.func_110536_a(FallbackResourceManager.java:69)
	at net.minecraft.client.resources.SimpleReloadableResourceManager.func_110536_a(SimpleReloadableResourceManager.java:65)
	at net.minecraft.client.renderer.block.model.ModelBakery.func_177594_c(ModelBakery.java:365)
	at net.minecraftforge.client.model.ModelLoader.access$1400(ModelLoader.java:115)
	at net.minecraftforge.client.model.ModelLoader$VanillaLoader.loadModel(ModelLoader.java:861)
	at net.minecraftforge.client.model.ModelLoaderRegistry.getModel(ModelLoaderRegistry.java:157)
	... 14 more

[22:27:32] [Client thread/ERROR]: Exception loading model for variant twilightforest:trans_door#inventory, blockstate location exception: 
net.minecraftforge.client.model.ModelLoaderRegistry$LoaderException: Exception loading model twilightforest:trans_door#inventory with loader VariantLoader.INSTANCE, skipping
	at net.minecraftforge.client.model.ModelLoaderRegistry.getModel(ModelLoaderRegistry.java:161)
	at net.minecraftforge.client.model.ModelLoader.func_177590_d(ModelLoader.java:296)
	at net.minecraft.client.renderer.block.model.ModelBakery.func_177577_b(ModelBakery.java:194)
	at net.minecraftforge.client.model.ModelLoader.func_177570_a(ModelLoader.java:151)
	at net.minecraft.client.renderer.block.model.ModelManager.func_110549_a(ModelManager.java:28)
	at net.minecraft.client.resources.SimpleReloadableResourceManager.func_110542_a(SimpleReloadableResourceManager.java:121)
	at net.minecraft.client.Minecraft.func_71384_a(Minecraft.java:513)
	at net.minecraft.client.Minecraft.func_99999_d(Minecraft.java:378)
	at net.minecraft.client.main.Main.main(SourceFile:123)
	at sun.reflect.NativeMethodAccessorImpl.invoke0(Native Method)
	at sun.reflect.NativeMethodAccessorImpl.invoke(NativeMethodAccessorImpl.java:62)
	at sun.reflect.DelegatingMethodAccessorImpl.invoke(DelegatingMethodAccessorImpl.java:43)
	at java.lang.reflect.Method.invoke(Method.java:497)
	at net.minecraft.launchwrapper.Launch.launch(Launch.java:135)
	at net.minecraft.launchwrapper.Launch.main(Launch.java:28)
Caused by: net.minecraft.client.renderer.block.model.ModelBlockDefinition$MissingVariantException
	at net.minecraft.client.renderer.block.model.ModelBlockDefinition.func_188004_c(ModelBlockDefinition.java:83)
	at net.minecraftforge.client.model.ModelLoader$VariantLoader.loadModel(ModelLoader.java:1175)
	at net.minecraftforge.client.model.ModelLoaderRegistry.getModel(ModelLoaderRegistry.java:157)
	... 14 more

[22:27:32] [Client thread/ERROR]: Exception loading model for variant twilightforest:twilight_oak_door#inventory, normal location exception: 
net.minecraftforge.client.model.ModelLoaderRegistry$LoaderException: Exception loading model twilightforest:item/twilight_oak_door with loader VanillaLoader.INSTANCE, skipping
	at net.minecraftforge.client.model.ModelLoaderRegistry.getModel(ModelLoaderRegistry.java:161)
	at net.minecraftforge.client.model.ModelLoader.func_177590_d(ModelLoader.java:302)
	at net.minecraft.client.renderer.block.model.ModelBakery.func_177577_b(ModelBakery.java:194)
	at net.minecraftforge.client.model.ModelLoader.func_177570_a(ModelLoader.java:151)
	at net.minecraft.client.renderer.block.model.ModelManager.func_110549_a(ModelManager.java:28)
	at net.minecraft.client.resources.SimpleReloadableResourceManager.func_110542_a(SimpleReloadableResourceManager.java:121)
	at net.minecraft.client.Minecraft.func_71384_a(Minecraft.java:513)
	at net.minecraft.client.Minecraft.func_99999_d(Minecraft.java:378)
	at net.minecraft.client.main.Main.main(SourceFile:123)
	at sun.reflect.NativeMethodAccessorImpl.invoke0(Native Method)
	at sun.reflect.NativeMethodAccessorImpl.invoke(NativeMethodAccessorImpl.java:62)
	at sun.reflect.DelegatingMethodAccessorImpl.invoke(DelegatingMethodAccessorImpl.java:43)
	at java.lang.reflect.Method.invoke(Method.java:497)
	at net.minecraft.launchwrapper.Launch.launch(Launch.java:135)
	at net.minecraft.launchwrapper.Launch.main(Launch.java:28)
Caused by: java.io.FileNotFoundException: twilightforest:models/item/twilight_oak_door.json
	at net.minecraft.client.resources.FallbackResourceManager.func_110536_a(FallbackResourceManager.java:69)
	at net.minecraft.client.resources.SimpleReloadableResourceManager.func_110536_a(SimpleReloadableResourceManager.java:65)
	at net.minecraft.client.renderer.block.model.ModelBakery.func_177594_c(ModelBakery.java:365)
	at net.minecraftforge.client.model.ModelLoader.access$1400(ModelLoader.java:115)
	at net.minecraftforge.client.model.ModelLoader$VanillaLoader.loadModel(ModelLoader.java:861)
	at net.minecraftforge.client.model.ModelLoaderRegistry.getModel(ModelLoaderRegistry.java:157)
	... 14 more

[22:27:32] [Client thread/ERROR]: Exception loading model for variant twilightforest:twilight_oak_door#inventory, blockstate location exception: 
net.minecraftforge.client.model.ModelLoaderRegistry$LoaderException: Exception loading model twilightforest:twilight_oak_door#inventory with loader VariantLoader.INSTANCE, skipping
	at net.minecraftforge.client.model.ModelLoaderRegistry.getModel(ModelLoaderRegistry.java:161)
	at net.minecraftforge.client.model.ModelLoader.func_177590_d(ModelLoader.java:296)
	at net.minecraft.client.renderer.block.model.ModelBakery.func_177577_b(ModelBakery.java:194)
	at net.minecraftforge.client.model.ModelLoader.func_177570_a(ModelLoader.java:151)
	at net.minecraft.client.renderer.block.model.ModelManager.func_110549_a(ModelManager.java:28)
	at net.minecraft.client.resources.SimpleReloadableResourceManager.func_110542_a(SimpleReloadableResourceManager.java:121)
	at net.minecraft.client.Minecraft.func_71384_a(Minecraft.java:513)
	at net.minecraft.client.Minecraft.func_99999_d(Minecraft.java:378)
	at net.minecraft.client.main.Main.main(SourceFile:123)
	at sun.reflect.NativeMethodAccessorImpl.invoke0(Native Method)
	at sun.reflect.NativeMethodAccessorImpl.invoke(NativeMethodAccessorImpl.java:62)
	at sun.reflect.DelegatingMethodAccessorImpl.invoke(DelegatingMethodAccessorImpl.java:43)
	at java.lang.reflect.Method.invoke(Method.java:497)
	at net.minecraft.launchwrapper.Launch.launch(Launch.java:135)
	at net.minecraft.launchwrapper.Launch.main(Launch.java:28)
Caused by: net.minecraft.client.renderer.block.model.ModelBlockDefinition$MissingVariantException
	at net.minecraft.client.renderer.block.model.ModelBlockDefinition.func_188004_c(ModelBlockDefinition.java:83)
	at net.minecraftforge.client.model.ModelLoader$VariantLoader.loadModel(ModelLoader.java:1175)
	at net.minecraftforge.client.model.ModelLoaderRegistry.getModel(ModelLoaderRegistry.java:157)
	... 14 more

[22:27:32] [Client thread/ERROR]: Exception loading model for variant twilightforest:mine_door#inventory, normal location exception: 
net.minecraftforge.client.model.ModelLoaderRegistry$LoaderException: Exception loading model twilightforest:item/mine_door with loader VanillaLoader.INSTANCE, skipping
	at net.minecraftforge.client.model.ModelLoaderRegistry.getModel(ModelLoaderRegistry.java:161)
	at net.minecraftforge.client.model.ModelLoader.func_177590_d(ModelLoader.java:302)
	at net.minecraft.client.renderer.block.model.ModelBakery.func_177577_b(ModelBakery.java:194)
	at net.minecraftforge.client.model.ModelLoader.func_177570_a(ModelLoader.java:151)
	at net.minecraft.client.renderer.block.model.ModelManager.func_110549_a(ModelManager.java:28)
	at net.minecraft.client.resources.SimpleReloadableResourceManager.func_110542_a(SimpleReloadableResourceManager.java:121)
	at net.minecraft.client.Minecraft.func_71384_a(Minecraft.java:513)
	at net.minecraft.client.Minecraft.func_99999_d(Minecraft.java:378)
	at net.minecraft.client.main.Main.main(SourceFile:123)
	at sun.reflect.NativeMethodAccessorImpl.invoke0(Native Method)
	at sun.reflect.NativeMethodAccessorImpl.invoke(NativeMethodAccessorImpl.java:62)
	at sun.reflect.DelegatingMethodAccessorImpl.invoke(DelegatingMethodAccessorImpl.java:43)
	at java.lang.reflect.Method.invoke(Method.java:497)
	at net.minecraft.launchwrapper.Launch.launch(Launch.java:135)
	at net.minecraft.launchwrapper.Launch.main(Launch.java:28)
Caused by: java.io.FileNotFoundException: twilightforest:models/item/mine_door.json
	at net.minecraft.client.resources.FallbackResourceManager.func_110536_a(FallbackResourceManager.java:69)
	at net.minecraft.client.resources.SimpleReloadableResourceManager.func_110536_a(SimpleReloadableResourceManager.java:65)
	at net.minecraft.client.renderer.block.model.ModelBakery.func_177594_c(ModelBakery.java:365)
	at net.minecraftforge.client.model.ModelLoader.access$1400(ModelLoader.java:115)
	at net.minecraftforge.client.model.ModelLoader$VanillaLoader.loadModel(ModelLoader.java:861)
	at net.minecraftforge.client.model.ModelLoaderRegistry.getModel(ModelLoaderRegistry.java:157)
	... 14 more

[22:27:32] [Client thread/ERROR]: Exception loading model for variant twilightforest:mine_door#inventory, blockstate location exception: 
net.minecraftforge.client.model.ModelLoaderRegistry$LoaderException: Exception loading model twilightforest:mine_door#inventory with loader VariantLoader.INSTANCE, skipping
	at net.minecraftforge.client.model.ModelLoaderRegistry.getModel(ModelLoaderRegistry.java:161)
	at net.minecraftforge.client.model.ModelLoader.func_177590_d(ModelLoader.java:296)
	at net.minecraft.client.renderer.block.model.ModelBakery.func_177577_b(ModelBakery.java:194)
	at net.minecraftforge.client.model.ModelLoader.func_177570_a(ModelLoader.java:151)
	at net.minecraft.client.renderer.block.model.ModelManager.func_110549_a(ModelManager.java:28)
	at net.minecraft.client.resources.SimpleReloadableResourceManager.func_110542_a(SimpleReloadableResourceManager.java:121)
	at net.minecraft.client.Minecraft.func_71384_a(Minecraft.java:513)
	at net.minecraft.client.Minecraft.func_99999_d(Minecraft.java:378)
	at net.minecraft.client.main.Main.main(SourceFile:123)
	at sun.reflect.NativeMethodAccessorImpl.invoke0(Native Method)
	at sun.reflect.NativeMethodAccessorImpl.invoke(NativeMethodAccessorImpl.java:62)
	at sun.reflect.DelegatingMethodAccessorImpl.invoke(DelegatingMethodAccessorImpl.java:43)
	at java.lang.reflect.Method.invoke(Method.java:497)
	at net.minecraft.launchwrapper.Launch.launch(Launch.java:135)
	at net.minecraft.launchwrapper.Launch.main(Launch.java:28)
Caused by: net.minecraft.client.renderer.block.model.ModelBlockDefinition$MissingVariantException
	at net.minecraft.client.renderer.block.model.ModelBlockDefinition.func_188004_c(ModelBlockDefinition.java:83)
	at net.minecraftforge.client.model.ModelLoader$VariantLoader.loadModel(ModelLoader.java:1175)
	at net.minecraftforge.client.model.ModelLoaderRegistry.getModel(ModelLoaderRegistry.java:157)
	... 14 more

[22:27:32] [Client thread/ERROR]: Exception loading model for variant minecraft:air#inventory, normal location exception: 
net.minecraftforge.client.model.ModelLoaderRegistry$LoaderException: Exception loading model minecraft:item/air with loader VanillaLoader.INSTANCE, skipping
	at net.minecraftforge.client.model.ModelLoaderRegistry.getModel(ModelLoaderRegistry.java:161)
	at net.minecraftforge.client.model.ModelLoader.func_177590_d(ModelLoader.java:302)
	at net.minecraft.client.renderer.block.model.ModelBakery.func_177577_b(ModelBakery.java:194)
	at net.minecraftforge.client.model.ModelLoader.func_177570_a(ModelLoader.java:151)
	at net.minecraft.client.renderer.block.model.ModelManager.func_110549_a(ModelManager.java:28)
	at net.minecraft.client.resources.SimpleReloadableResourceManager.func_110542_a(SimpleReloadableResourceManager.java:121)
	at net.minecraft.client.Minecraft.func_71384_a(Minecraft.java:513)
	at net.minecraft.client.Minecraft.func_99999_d(Minecraft.java:378)
	at net.minecraft.client.main.Main.main(SourceFile:123)
	at sun.reflect.NativeMethodAccessorImpl.invoke0(Native Method)
	at sun.reflect.NativeMethodAccessorImpl.invoke(NativeMethodAccessorImpl.java:62)
	at sun.reflect.DelegatingMethodAccessorImpl.invoke(DelegatingMethodAccessorImpl.java:43)
	at java.lang.reflect.Method.invoke(Method.java:497)
	at net.minecraft.launchwrapper.Launch.launch(Launch.java:135)
	at net.minecraft.launchwrapper.Launch.main(Launch.java:28)
Caused by: java.io.FileNotFoundException: minecraft:models/item/air.json
	at net.minecraft.client.resources.FallbackResourceManager.func_110536_a(FallbackResourceManager.java:69)
	at net.minecraft.client.resources.SimpleReloadableResourceManager.func_110536_a(SimpleReloadableResourceManager.java:65)
	at net.minecraft.client.renderer.block.model.ModelBakery.func_177594_c(ModelBakery.java:365)
	at net.minecraftforge.client.model.ModelLoader.access$1400(ModelLoader.java:115)
	at net.minecraftforge.client.model.ModelLoader$VanillaLoader.loadModel(ModelLoader.java:861)
	at net.minecraftforge.client.model.ModelLoaderRegistry.getModel(ModelLoaderRegistry.java:157)
	... 14 more

[22:27:32] [Client thread/ERROR]: Exception loading model for variant minecraft:air#inventory, blockstate location exception: 
net.minecraftforge.client.model.ModelLoaderRegistry$LoaderException: Exception loading model minecraft:air#inventory with loader VariantLoader.INSTANCE, skipping
	at net.minecraftforge.client.model.ModelLoaderRegistry.getModel(ModelLoaderRegistry.java:161)
	at net.minecraftforge.client.model.ModelLoader.func_177590_d(ModelLoader.java:296)
	at net.minecraft.client.renderer.block.model.ModelBakery.func_177577_b(ModelBakery.java:194)
	at net.minecraftforge.client.model.ModelLoader.func_177570_a(ModelLoader.java:151)
	at net.minecraft.client.renderer.block.model.ModelManager.func_110549_a(ModelManager.java:28)
	at net.minecraft.client.resources.SimpleReloadableResourceManager.func_110542_a(SimpleReloadableResourceManager.java:121)
	at net.minecraft.client.Minecraft.func_71384_a(Minecraft.java:513)
	at net.minecraft.client.Minecraft.func_99999_d(Minecraft.java:378)
	at net.minecraft.client.main.Main.main(SourceFile:123)
	at sun.reflect.NativeMethodAccessorImpl.invoke0(Native Method)
	at sun.reflect.NativeMethodAccessorImpl.invoke(NativeMethodAccessorImpl.java:62)
	at sun.reflect.DelegatingMethodAccessorImpl.invoke(DelegatingMethodAccessorImpl.java:43)
	at java.lang.reflect.Method.invoke(Method.java:497)
	at net.minecraft.launchwrapper.Launch.launch(Launch.java:135)
	at net.minecraft.launchwrapper.Launch.main(Launch.java:28)
Caused by: net.minecraft.client.renderer.block.model.ModelBlockDefinition$MissingVariantException
	at net.minecraft.client.renderer.block.model.ModelBlockDefinition.func_188004_c(ModelBlockDefinition.java:83)
	at net.minecraftforge.client.model.ModelLoader$VariantLoader.loadModel(ModelLoader.java:1175)
	at net.minecraftforge.client.model.ModelLoaderRegistry.getModel(ModelLoaderRegistry.java:157)
	... 14 more

[22:27:32] [Client thread/ERROR]: Exception loading model for variant twilightforest:mangrove_door#inventory, normal location exception: 
net.minecraftforge.client.model.ModelLoaderRegistry$LoaderException: Exception loading model twilightforest:item/mangrove_door with loader VanillaLoader.INSTANCE, skipping
	at net.minecraftforge.client.model.ModelLoaderRegistry.getModel(ModelLoaderRegistry.java:161)
	at net.minecraftforge.client.model.ModelLoader.func_177590_d(ModelLoader.java:302)
	at net.minecraft.client.renderer.block.model.ModelBakery.func_177577_b(ModelBakery.java:194)
	at net.minecraftforge.client.model.ModelLoader.func_177570_a(ModelLoader.java:151)
	at net.minecraft.client.renderer.block.model.ModelManager.func_110549_a(ModelManager.java:28)
	at net.minecraft.client.resources.SimpleReloadableResourceManager.func_110542_a(SimpleReloadableResourceManager.java:121)
	at net.minecraft.client.Minecraft.func_71384_a(Minecraft.java:513)
	at net.minecraft.client.Minecraft.func_99999_d(Minecraft.java:378)
	at net.minecraft.client.main.Main.main(SourceFile:123)
	at sun.reflect.NativeMethodAccessorImpl.invoke0(Native Method)
	at sun.reflect.NativeMethodAccessorImpl.invoke(NativeMethodAccessorImpl.java:62)
	at sun.reflect.DelegatingMethodAccessorImpl.invoke(DelegatingMethodAccessorImpl.java:43)
	at java.lang.reflect.Method.invoke(Method.java:497)
	at net.minecraft.launchwrapper.Launch.launch(Launch.java:135)
	at net.minecraft.launchwrapper.Launch.main(Launch.java:28)
Caused by: java.io.FileNotFoundException: twilightforest:models/item/mangrove_door.json
	at net.minecraft.client.resources.FallbackResourceManager.func_110536_a(FallbackResourceManager.java:69)
	at net.minecraft.client.resources.SimpleReloadableResourceManager.func_110536_a(SimpleReloadableResourceManager.java:65)
	at net.minecraft.client.renderer.block.model.ModelBakery.func_177594_c(ModelBakery.java:365)
	at net.minecraftforge.client.model.ModelLoader.access$1400(ModelLoader.java:115)
	at net.minecraftforge.client.model.ModelLoader$VanillaLoader.loadModel(ModelLoader.java:861)
	at net.minecraftforge.client.model.ModelLoaderRegistry.getModel(ModelLoaderRegistry.java:157)
	... 14 more

[22:27:32] [Client thread/ERROR]: Exception loading model for variant twilightforest:mangrove_door#inventory, blockstate location exception: 
net.minecraftforge.client.model.ModelLoaderRegistry$LoaderException: Exception loading model twilightforest:mangrove_door#inventory with loader VariantLoader.INSTANCE, skipping
	at net.minecraftforge.client.model.ModelLoaderRegistry.getModel(ModelLoaderRegistry.java:161)
	at net.minecraftforge.client.model.ModelLoader.func_177590_d(ModelLoader.java:296)
	at net.minecraft.client.renderer.block.model.ModelBakery.func_177577_b(ModelBakery.java:194)
	at net.minecraftforge.client.model.ModelLoader.func_177570_a(ModelLoader.java:151)
	at net.minecraft.client.renderer.block.model.ModelManager.func_110549_a(ModelManager.java:28)
	at net.minecraft.client.resources.SimpleReloadableResourceManager.func_110542_a(SimpleReloadableResourceManager.java:121)
	at net.minecraft.client.Minecraft.func_71384_a(Minecraft.java:513)
	at net.minecraft.client.Minecraft.func_99999_d(Minecraft.java:378)
	at net.minecraft.client.main.Main.main(SourceFile:123)
	at sun.reflect.NativeMethodAccessorImpl.invoke0(Native Method)
	at sun.reflect.NativeMethodAccessorImpl.invoke(NativeMethodAccessorImpl.java:62)
	at sun.reflect.DelegatingMethodAccessorImpl.invoke(DelegatingMethodAccessorImpl.java:43)
	at java.lang.reflect.Method.invoke(Method.java:497)
	at net.minecraft.launchwrapper.Launch.launch(Launch.java:135)
	at net.minecraft.launchwrapper.Launch.main(Launch.java:28)
Caused by: net.minecraft.client.renderer.block.model.ModelBlockDefinition$MissingVariantException
	at net.minecraft.client.renderer.block.model.ModelBlockDefinition.func_188004_c(ModelBlockDefinition.java:83)
	at net.minecraftforge.client.model.ModelLoader$VariantLoader.loadModel(ModelLoader.java:1175)
	at net.minecraftforge.client.model.ModelLoaderRegistry.getModel(ModelLoaderRegistry.java:157)
	... 14 more

[22:27:32] [Client thread/FATAL]: Suppressed additional 3 model loading errors for domain twilightforest
[22:27:16] [Client thread/INFO]: Registering recipes...
[22:27:16] [Client thread/INFO]: Recipe registration complete.
[22:27:16] [Client thread/WARN]: Potentially Dangerous alternative prefix `minecraft` for name `painted acacia slab`, expected `mowziesmobs`. This could be a intended override, but in most cases indicates a broken mod.
[22:27:16] [Client thread/INFO]: Checking for mod & oredict compatibilities
[22:27:23] [Client thread/INFO]: Adding entities to MFR safari net blacklist.
[22:27:26] [Client thread/INFO]: Loading Default Recipes...
[22:27:28] [Client thread/INFO]: Applying holder lookups
[22:27:28] [Client thread/INFO]: Holder lookups applied
[22:27:30] [CC Supporters Downloader/INFO]: [codechicken.lib.internal.ModDescriptionEnhancer:lambda$init$0:85]: java.lang.UnsupportedOperationException: JsonNull
[22:27:30] [CC Supporters Downloader/INFO]: [codechicken.lib.internal.ModDescriptionEnhancer:lambda$init$0:85]: 	at com.google.gson.JsonElement.getAsString(JsonElement.java:191)
[22:27:30] [CC Supporters Downloader/INFO]: [codechicken.lib.internal.ModDescriptionEnhancer:lambda$init$0:85]: 	at codechicken.lib.internal.ModDescriptionEnhancer.parse(ModDescriptionEnhancer.java:103)
[22:27:30] [CC Supporters Downloader/INFO]: [codechicken.lib.internal.ModDescriptionEnhancer:lambda$init$0:85]: 	at codechicken.lib.internal.ModDescriptionEnhancer.lambda$init$0(ModDescriptionEnhancer.java:82)
[22:27:30] [CC Supporters Downloader/INFO]: [codechicken.lib.internal.ModDescriptionEnhancer:lambda$init$0:85]: 	at codechicken.lib.internal.ModDescriptionEnhancer$$Lambda$803/144135144.run(Unknown Source)
[22:27:30] [CC Supporters Downloader/INFO]: [codechicken.lib.internal.ModDescriptionEnhancer:lambda$init$0:85]: 	at java.lang.Thread.run(Thread.java:745)
[22:27:31] [Client thread/INFO]: Finished Initialization
[22:27:34] [Client thread/WARN]: PriceRange(2, 1) invalid, 1 smaller than 2
[22:27:34] [Client thread/WARN]: PriceRange(4, 1) invalid, 1 smaller than 4
[22:27:34] [Client thread/WARN]: PriceRange(10, 1) invalid, 1 smaller than 10
[22:27:34] [Client thread/WARN]: PriceRange(9, 1) invalid, 1 smaller than 9
[22:27:34] [Client thread/WARN]: PriceRange(3, 2) invalid, 2 smaller than 3
[22:27:34] [Client thread/INFO]: The watcher waits on the northern wall
[22:27:34] [Client thread/INFO]: A daughter picks up a warrior's sword
[22:27:78] [Client thread/INFO]: Created: 128x256 textures-atlas
[22:27:78] [Client thread/WARN]: Potentially Dangerous alternative prefix `minecraft` for name `uranium_ingot`, expected `orespawn`. This could be a intended override, but in most cases indicates a broken mod.
[22:27:78] [Client thread/WARN]: Potentially Dangerous alternative prefix `minecraft` for name `titanium_ingot`, expected `orespawn`. This could be a intended override, but in most cases indicates a broken mod.
[22:27:78] [Client thread/WARN]: Potentially Dangerous alternative prefix `minecraft` for name `uranium_nugget`, expected `orespawn`. This could be a intended override, but in most cases indicates a broken mod.
[22:27:78] [Client thread/WARN]: Potentially Dangerous alternative prefix `minecraft` for name `titanium_nugget`, expected `orespawn`. This could be a intended override, but in most cases indicates a broken mod.
[22:27:78] [Client thread/WARN]: Potentially Dangerous alternative prefix `minecraft` for name `ultimate_sword`, expected `orespawn`. This could be a intended override, but in most cases indicates a broken mod.
[22:27:78] [Client thread/WARN]: Potentially Dangerous alternative prefix `minecraft` for name `ultimate_pickaxe`, expected `orespawn`. This could be a intended override, but in most cases indicates a broken mod.
[22:27:78] [Client thread/WARN]: Potentially Dangerous alternative prefix `minecraft` for name `ultimate_axe`, expected `orespawn`. This could be a intended override, but in most cases indicates a broken mod.
[22:27:78] [Client thread/WARN]: Potentially Dangerous alternative prefix `minecraft` for name `ultimate_shovel`, expected `orespawn`. This could be a intended override, but in most cases indicates a broken mod.
[22:27:78] [Client thread/WARN]: Potentially Dangerous alternative prefix `minecraft` for name `ultimate_hoe`, expected `orespawn`. This could be a intended override, but in most cases indicates a broken mod.
[22:27:78] [Client thread/WARN]: Potentially Dangerous alternative prefix `minecraft` for name `ultimate_helmet`, expected `orespawn`. This could be a intended override, but in most cases indicates a broken mod.
[22:27:78] [Client thread/WARN]: Potentially Dangerous alternative prefix `minecraft` for name `ultimate_chestplate`, expected `orespawn`. This could be a intended override, but in most cases indicates a broken mod.
[22:27:78] [Client thread/WARN]: Potentially Dangerous alternative prefix `minecraft` for name `ultimate_leggings`, expected `orespawn`. This could be a intended override, but in most cases indicates a broken mod.
[22:27:78] [Client thread/WARN]: Potentially Dangerous alternative prefix `minecraft` for name `ultimate_boots`, expected `orespawn`. This could be a intended override, but in most cases indicates a broken mod.
[22:27:78] [Client thread/WARN]: Potentially Dangerous alternative prefix `minecraft` for name `emerald_sword`, expected `orespawn`. This could be a intended override, but in most cases indicates a broken mod.
[22:27:78] [Client thread/WARN]: Potentially Dangerous alternative prefix `minecraft` for name `emerald_pickaxe`, expected `orespawn`. This could be a intended override, but in most cases indicates a broken mod.
[22:27:78] [Client thread/WARN]: Potentially Dangerous alternative prefix `minecraft` for name `emerald_axe`, expected `orespawn`. This could be a intended override, but in most cases indicates a broken mod.
[22:27:78] [Client thread/WARN]: Potentially Dangerous alternative prefix `minecraft` for name `emerald_shovel`, expected `orespawn`. This could be a intended override, but in most cases indicates a broken mod.
[22:27:78] [Client thread/WARN]: Potentially Dangerous alternative prefix `minecraft` for name `emerald_hoe`, expected `orespawn`. This could be a intended override, but in most cases indicates a broken mod.
[22:27:78] [Client thread/WARN]: Potentially Dangerous alternative prefix `minecraft` for name `emerald_helmet`, expected `orespawn`. This could be a intended override, but in most cases indicates a broken mod.
[22:27:78] [Client thread/WARN]: Potentially Dangerous alternative prefix `minecraft` for name `emerald_chestplate`, expected `orespawn`. This could be a intended override, but in most cases indicates a broken mod.
[22:27:78] [Client thread/WARN]: Potentially Dangerous alternative prefix `minecraft` for name `emerald_leggings`, expected `orespawn`. This could be a intended override, but in most cases indicates a broken mod.
[22:27:78] [Client thread/WARN]: Potentially Dangerous alternative prefix `minecraft` for name `emerald_boots`, expected `orespawn`. This could be a intended override, but in most cases indicates a broken mod.
[22:27:78] [Client thread/WARN]: Potentially Dangerous alternative prefix `minecraft` for name `empty_cage`, expected `orespawn`. This could be a intended override, but in most cases indicates a broken mod.
[22:27:78] [Client thread/WARN]: Potentially Dangerous alternative prefix `minecraft` for name `alosaurus_egg`, expected `orespawn`. This could be a intended override, but in most cases indicates a broken mod.
[22:27:78] [Client thread/WARN]: Potentially Dangerous alternative prefix `minecraft` for name `baryonyx_egg`, expected `orespawn`. This could be a intended override, but in most cases indicates a broken mod.
[22:27:78] [Client thread/WARN]: Potentially Dangerous alternative prefix `minecraft` for name `camarasaurus_egg`, expected `orespawn`. This could be a intended override, but in most cases indicates a broken mod.
[22:27:78] [Client thread/WARN]: Potentially Dangerous alternative prefix `minecraft` for name `cryolophosaurus_egg`, expected `orespawn`. This could be a intended override, but in most cases indicates a broken mod.
[22:27:78] [Client thread/WARN]: Potentially Dangerous alternative prefix `minecraft` for name `pointysaurus_egg`, expected `orespawn`. This could be a intended override, but in most cases indicates a broken mod.
[22:27:78] [Client thread/WARN]: Potentially Dangerous alternative prefix `minecraft` for name `trex_egg`, expected `orespawn`. This could be a intended override, but in most cases indicates a broken mod.
[22:27:78] [Client thread/WARN]: Potentially Dangerous alternative prefix `minecraft` for name `bird_egg`, expected `orespawn`. This could be a intended override, but in most cases indicates a broken mod.
[22:27:78] [Client thread/WARN]: Potentially Dangerous alternative prefix `minecraft` for name `cow_egg`, expected `orespawn`. This could be a intended override, but in most cases indicates a broken mod.
[22:27:78] [Client thread/WARN]: Potentially Dangerous alternative prefix `minecraft` for name `creeper_egg`, expected `orespawn`. This could be a intended override, but in most cases indicates a broken mod.
[22:27:78] [Client thread/WARN]: Potentially Dangerous alternative prefix `minecraft` for name `ghast_egg`, expected `orespawn`. This could be a intended override, but in most cases indicates a broken mod.
[22:27:78] [Client thread/WARN]: Potentially Dangerous alternative prefix `minecraft` for name `horse_egg`, expected `orespawn`. This could be a intended override, but in most cases indicates a broken mod.
[22:27:78] [Client thread/WARN]: Potentially Dangerous alternative prefix `minecraft` for name `pig_egg`, expected `orespawn`. This could be a intended override, but in most cases indicates a broken mod.
[22:27:78] [Client thread/WARN]: Potentially Dangerous alternative prefix `minecraft` for name `zombie_egg`, expected `orespawn`. This could be a intended override, but in most cases indicates a broken mod.
[22:27:79] [Client thread/WARN]: Potentially Dangerous alternative prefix `minecraft` for name `alien_egg`, expected `orespawn`. This could be a intended override, but in most cases indicates a broken mod.
[22:27:79] [Client thread/WARN]: Potentially Dangerous alternative prefix `minecraft` for name `cavefisher_egg`, expected `orespawn`. This could be a intended override, but in most cases indicates a broken mod.
[22:27:79] [Client thread/WARN]: Potentially Dangerous alternative prefix `minecraft` for name `nastysaurus_egg`, expected `orespawn`. This could be a intended override, but in most cases indicates a broken mod.
[22:27:79] [Client thread/WARN]: Potentially Dangerous alternative prefix `minecraft` for name `velocityraptor_egg`, expected `orespawn`. This could be a intended override, but in most cases indicates a broken mod.
[22:27:79] [Client thread/WARN]: Potentially Dangerous alternative prefix `minecraft` for name `gammametroid_egg`, expected `orespawn`. This could be a intended override, but in most cases indicates a broken mod.
[22:27:79] [Client thread/WARN]: Potentially Dangerous alternative prefix `minecraft` for name `spyro_egg`, expected `orespawn`. This could be a intended override, but in most cases indicates a broken mod.
[22:27:79] [Client thread/WARN]: Potentially Dangerous alternative prefix `minecraft` for name `dragonfly_egg`, expected `orespawn`. This could be a intended override, but in most cases indicates a broken mod.
[22:27:79] [Client thread/WARN]: Potentially Dangerous alternative prefix `minecraft` for name `moth_helmet`, expected `orespawn`. This could be a intended override, but in most cases indicates a broken mod.
[22:27:79] [Client thread/WARN]: Potentially Dangerous alternative prefix `minecraft` for name `moth_chestplate`, expected `orespawn`. This could be a intended override, but in most cases indicates a broken mod.
[22:27:79] [Client thread/WARN]: Potentially Dangerous alternative prefix `minecraft` for name `moth_leggings`, expected `orespawn`. This could be a intended override, but in most cases indicates a broken mod.
[22:27:79] [Client thread/WARN]: Potentially Dangerous alternative prefix `minecraft` for name `moth_boots`, expected `orespawn`. This could be a intended override, but in most cases indicates a broken mod.
[22:27:79] [Client thread/WARN]: Potentially Dangerous alternative prefix `minecraft` for name `worm_food`, expected `orespawn`. This could be a intended override, but in most cases indicates a broken mod.
[22:27:79] [Client thread/WARN]: Potentially Dangerous alternative prefix `minecraft` for name `kyuubi_egg`, expected `orespawn`. This could be a intended override, but in most cases indicates a broken mod.
[22:27:79] [Client thread/WARN]: Potentially Dangerous alternative prefix `minecraft` for name `beaver_egg`, expected `orespawn`. This could be a intended override, but in most cases indicates a broken mod.
[22:27:79] [Client thread/WARN]: Potentially Dangerous alternative prefix `minecraft` for name `brutalfly_egg`, expected `orespawn`. This could be a intended override, but in most cases indicates a broken mod.
[22:27:79] [Client thread/WARN]: Potentially Dangerous alternative prefix `minecraft` for name `mothra_egg`, expected `orespawn`. This could be a intended override, but in most cases indicates a broken mod.
[22:27:79] [Client thread/WARN]: Potentially Dangerous alternative prefix `minecraft` for name `mantis_egg`, expected `orespawn`. This could be a intended override, but in most cases indicates a broken mod.
[22:27:79] [Client thread/WARN]: Potentially Dangerous alternative prefix `minecraft` for name `amethyst_sword`, expected `orespawn`. This could be a intended override, but in most cases indicates a broken mod.
[22:27:79] [Client thread/WARN]: Potentially Dangerous alternative prefix `minecraft` for name `amethyst_axe`, expected `orespawn`. This could be a intended override, but in most cases indicates a broken mod.
[22:27:79] [Client thread/WARN]: Potentially Dangerous alternative prefix `minecraft` for name `amethyst_pickaxe`, expected `orespawn`. This could be a intended override, but in most cases indicates a broken mod.
[22:27:79] [Client thread/WARN]: Potentially Dangerous alternative prefix `minecraft` for name `amethyst_hoe`, expected `orespawn`. This could be a intended override, but in most cases indicates a broken mod.
[22:27:79] [Client thread/WARN]: Potentially Dangerous alternative prefix `minecraft` for name `amethyst_helmet`, expected `orespawn`. This could be a intended override, but in most cases indicates a broken mod.
[22:27:79] [Client thread/WARN]: Potentially Dangerous alternative prefix `minecraft` for name `amethyst_chestplate`, expected `orespawn`. This could be a intended override, but in most cases indicates a broken mod.
[22:27:79] [Client thread/WARN]: Potentially Dangerous alternative prefix `minecraft` for name `amethyst_leggings`, expected `orespawn`. This could be a intended override, but in most cases indicates a broken mod.
[22:27:79] [Client thread/WARN]: Potentially Dangerous alternative prefix `minecraft` for name `amethyst_boots`, expected `orespawn`. This could be a intended override, but in most cases indicates a broken mod.
[22:27:79] [Client thread/WARN]: Potentially Dangerous alternative prefix `minecraft` for name `cassowary_egg`, expected `orespawn`. This could be a intended override, but in most cases indicates a broken mod.
[22:27:79] [Client thread/WARN]: Potentially Dangerous alternative prefix `minecraft` for name `redcow_egg`, expected `orespawn`. This could be a intended override, but in most cases indicates a broken mod.
[22:27:79] [Client thread/WARN]: Potentially Dangerous alternative prefix `minecraft` for name `stinkbug_egg`, expected `orespawn`. This could be a intended override, but in most cases indicates a broken mod.
[22:27:79] [Client thread/WARN]: Potentially Dangerous alternative prefix `minecraft` for name `amethyst_block`, expected `orespawn`. This could be a intended override, but in most cases indicates a broken mod.
[22:27:79] [Client thread/WARN]: Potentially Dangerous alternative prefix `minecraft` for name `danger.orespawn.blocks.tileentityplant`, expected `orespawn`. This could be a intended override, but in most cases indicates a broken mod.
[22:27:95] [Client thread/INFO]: Injecting itemstacks
[22:27:95] [Client thread/INFO]: Itemstack injection complete
[22:27:96] [Client thread/INFO]: Finished PostInitialization
[22:27:98] [Client thread/INFO]: A brother bound to a love he must hide
[22:27:98] [Client thread/INFO]: The younger's armor is worn in the mind
[22:27:98] [Client thread/INFO]: A cold iron throne holds a boy barely grown
[22:27:98] [Client thread/INFO]: And now it is known
[22:27:98] [Client thread/INFO]: A claim to the prize, a crown laced in lies
[22:27:98] [Client thread/INFO]: You win or you die
[22:27:98] [Client thread/INFO]: Damn season 8 really sucked didn't it
[22:27:01] [Client thread/INFO]: Loading predefined UU world scan values, run /ic2 uu-world-scan <small|medium|large> to calibrate them for your world.
[22:27:07] [Client thread/INFO]: ic2 version 2.8.222-ex112 loaded.
[22:27:07] [Client thread/INFO]: [com.bobmowzie.mowziesmobs.server.spawn.SpawnHandler:getBiomesFromConfig:146]: Reflection failed
[22:27:08] [Client thread/INFO]: [com.bobmowzie.mowziesmobs.server.spawn.SpawnHandler:getBiomesFromConfig:146]: Reflection failed
[22:27:08] [Client thread/INFO]: [com.bobmowzie.mowziesmobs.server.spawn.SpawnHandler:getBiomesFromConfig:146]: Reflection failed
[22:27:08] [Client thread/INFO]: [com.bobmowzie.mowziesmobs.server.spawn.SpawnHandler:getBiomesFromConfig:146]: Reflection failed
[22:27:08] [Client thread/INFO]: [com.bobmowzie.mowziesmobs.server.spawn.SpawnHandler:getBiomesFromConfig:146]: Reflection failed
[22:27:08] [Client thread/INFO]: [com.bobmowzie.mowziesmobs.server.spawn.SpawnHandler:getBiomesFromConfig:146]: Reflection failed
[22:27:08] [Client thread/INFO]: [com.bobmowzie.mowziesmobs.server.spawn.SpawnHandler:getBiomesFromConfig:146]: Reflection failed
[22:27:08] [Client thread/INFO]: [com.bobmowzie.mowziesmobs.server.spawn.SpawnHandler:getBiomesFromConfig:146]: Reflection failed
[22:27:23] [Client thread/INFO]: Registering Item Aspects
[22:27:23] [Client thread/INFO]: Registering Entity Aspects
[22:27:24] [Client thread/INFO]: Loaded 22 research entries from thaumcraft:research/alchemy
[22:27:24] [Client thread/INFO]: Loaded 5 research entries from thaumcraft:research/eldritch
[22:27:25] [Client thread/INFO]: Loaded 20 research entries from thaumcraft:research/basics
[22:27:25] [Client thread/INFO]: Loaded 23 research entries from thaumcraft:research/auromancy
[22:27:25] [Client thread/INFO]: Loaded 12 research entries from thaumcraft:research/scans
[22:27:25] [Client thread/INFO]: Loaded 20 research entries from thaumcraft:research/artifice
[22:27:25] [Client thread/INFO]: Loaded 17 research entries from thaumcraft:research/infusion
[22:27:25] [Client thread/INFO]: Loaded 29 research entries from thaumcraft:research/golemancy
[22:27:37] [Client thread/INFO]: Starting JEI...
[22:27:46] [Client thread/INFO]: Registering recipe categories...
[22:27:48] [Client thread/INFO]: Registering recipe categories took 19.24 ms
[22:27:48] [Client thread/INFO]: Registering mod plugins...
[22:27:79] [Client thread/INFO]: Registering mod plugins took 304.9 ms
[22:27:79] [Client thread/INFO]: Building recipe registry...
[22:27:79] [Client thread/ERROR]: A Recipe Handler has already been registered for this recipe class: com.github.alexthe666.iceandfire.recipe.DragonForgeRecipe
[22:27:87] [Client thread/INFO]: Building recipe registry took 83.50 ms
[22:27:87] [Client thread/INFO]: Building ingredient list...
[22:27:89] [Client thread/INFO]: Building ingredient list took 19.41 ms
[22:27:89] [Client thread/INFO]: Building ingredient filter...
[22:27:11] [Client thread/INFO]: Building ingredient filter took 222.9 ms
[22:27:11] [Client thread/INFO]: Building bookmarks...
[22:27:12] [Client thread/INFO]: Building bookmarks took 2.191 ms
[22:27:12] [Client thread/INFO]: Building runtime...
[22:27:16] [Client thread/INFO]: Building runtime took 43.24 ms
[22:27:17] [Client thread/INFO]: Optimizing memory usage...
[22:27:21] [Client thread/INFO]: Optimizing memory usage took 42.69 ms
[22:27:22] [Client thread/INFO]: Starting JEI took 854.4 ms
[22:27:22] [Client thread/WARN]: Could not find particle class org.orecruncher.dsurround.client.fx.particle.mote.ParticleCollection. If the mod is not installed, this can be ignored.
[22:27:22] [Client thread/WARN]: Could not find particle class com.TominoCZ.FBP.particle.FBPParticleBlock. If the mod is not installed, this can be ignored.
[22:27:22] [Client thread/WARN]: Could not find particle class xzeroair.trinkets.client.particles.ParticleGreed. If the mod is not installed, this can be ignored.
[22:27:22] [Client thread/INFO]: The game loaded in approximately  23.566 seconds.
[22:27:50] [Client thread/INFO]: Forge Mod Loader has successfully loaded 24 mods
[22:27:58] [Client thread/INFO]: Narrator library for x64 successfully loaded
[22:27:59] [Client thread/INFO]: Patching net.minecraft.client.gui.GuiOptions... (ble)
[22:27:99] [Client thread/INFO]: Checking Doc Versions
[22:27:00] [Client thread/INFO]: [OptiFine] (Reflector) Class not present: mods.betterfoliage.client.BetterFoliageClient
[22:27:03] [Client thread/INFO]: [OptiFine] *** Reloading custom textures ***
[22:27:56] [Realms Notification Availability checker #1/INFO]: Could not authorize you against Realms server: Invalid session id
[22:28:05] [Client thread/INFO]: Reloading ResourceManager: BetterFps, Default, FMLFileResourcePack:Forge Mod Loader, FMLFileResourcePack:Minecraft Forge, FMLFileResourcePack:Baubles, FMLFileResourcePack:Brandon's Core, FMLFileResourcePack:CodeChicken Lib, FMLFileResourcePack:Doggy Talents, FMLFileResourcePack:Draconic Evolution, FMLFileResourcePack:Forbidden & Arcanus, FMLFileResourcePack:GeckoLib, FMLFileResourcePack:Grimoire of Gaia 3, FMLFileResourcePack:Ice and Fire, FMLFileResourcePack:IndustrialCraft 2, FMLFileResourcePack:Just Enough Items, FMLFileResourcePack:Mowzie's Mobs, FMLFileResourcePack:OreSpawn, FMLFileResourcePack:Particle Culling, FMLFileResourcePack:Redstone Flux, FMLFileResourcePack:Surge, FMLFileResourcePack:Thaumcraft, FMLFileResourcePack:TLSkinCape, FMLFileResourcePack:The Twilight Forest, FMLFileResourcePack:LLibrary
[22:28:05] [Client thread/WARN]: ResourcePack: ignored non-lowercase namespace: META-INF in D:\mods\iceandfire-1.9.1-1.12.2.jar
[22:28:05] [Client thread/WARN]: ResourcePack: ignored non-lowercase namespace: META-INF in D:\mods\iceandfire-1.9.1-1.12.2.jar
[22:28:11] [Client thread/INFO]: [OptiFine] *** Reloading textures ***
[22:28:11] [Client thread/INFO]: [OptiFine] Resource packs: Default
[22:28:20] [Client thread/INFO]: Created: 128x256 textures-atlas
[22:28:36] [Client thread/WARN]: Missing sound for event: thaumcraft:runicshieldcharge
[22:28:36] [Client thread/WARN]: Missing sound for event: orespawn:little_splat
[22:28:36] [Client thread/WARN]: Missing sound for event: orespawn:big_splat
[22:28:36] [Client thread/WARN]: Missing sound for event: orespawn:entity.mothra.wings
[22:28:36] [Client thread/INFO]: SoundSystem shutting down...
[22:28:57] [Client thread/WARN]: Author: Paul Lamb, www.paulscode.com
[22:28:57] [Sound Library Loader/INFO]: Starting up SoundSystem...
[22:28:77] [Thread-12/INFO]: Initializing LWJGL OpenAL
[22:28:77] [Thread-12/INFO]: (The LWJGL binding of OpenAL.  For more information, see http://www.lwjgl.org)
[22:28:77] [Thread-12/INFO]: OpenAL initialized.
[22:28:92] [Client thread/INFO]: OBJLoader.MaterialLibrary: key 'Ns' (model: 'thaumcraft:models/block/arcane_workbench_charger.mtl') is not currently supported, skipping
[22:28:92] [Client thread/INFO]: OBJLoader.MaterialLibrary: key 'Ni' (model: 'thaumcraft:models/block/arcane_workbench_charger.mtl') is not currently supported, skipping
[22:28:92] [Client thread/INFO]: OBJLoader.MaterialLibrary: key 'Tf' (model: 'thaumcraft:models/block/arcane_workbench_charger.mtl') is not currently supported, skipping
[22:28:92] [Client thread/INFO]: OBJLoader.MaterialLibrary: key 'illum' (model: 'thaumcraft:models/block/arcane_workbench_charger.mtl') is not currently supported, skipping
[22:28:92] [Client thread/INFO]: OBJModel: A color has already been defined for material 'texture' in 'thaumcraft:models/block/arcane_workbench_charger.mtl'. The color defined by key 'Ks' will not be applied!
[22:28:92] [Client thread/INFO]: OBJLoader.MaterialLibrary: key 'Ke' (model: 'thaumcraft:models/block/arcane_workbench_charger.mtl') is not currently supported, skipping
[22:28:93] [Client thread/INFO]: OBJLoader.MaterialLibrary: key 'Ns' (model: 'thaumcraft:models/block/pillar.mtl') is not currently supported, skipping
[22:28:93] [Client thread/INFO]: OBJLoader.MaterialLibrary: key 'Ni' (model: 'thaumcraft:models/block/pillar.mtl') is not currently supported, skipping
[22:28:93] [Client thread/INFO]: OBJLoader.MaterialLibrary: key 'Tf' (model: 'thaumcraft:models/block/pillar.mtl') is not currently supported, skipping
[22:28:93] [Client thread/INFO]: OBJLoader.MaterialLibrary: key 'illum' (model: 'thaumcraft:models/block/pillar.mtl') is not currently supported, skipping
[22:28:93] [Client thread/INFO]: OBJModel: A color has already been defined for material 'texture' in 'thaumcraft:models/block/pillar.mtl'. The color defined by key 'Ks' will not be applied!
[22:28:93] [Client thread/INFO]: OBJLoader.MaterialLibrary: key 'Ke' (model: 'thaumcraft:models/block/pillar.mtl') is not currently supported, skipping
[22:28:95] [Client thread/INFO]: OBJLoader.MaterialLibrary: key 'Ns' (model: 'thaumcraft:models/block/thaumatorium.mtl') is not currently supported, skipping
[22:28:95] [Client thread/INFO]: OBJLoader.MaterialLibrary: key 'Ni' (model: 'thaumcraft:models/block/thaumatorium.mtl') is not currently supported, skipping
[22:28:95] [Client thread/INFO]: OBJLoader.MaterialLibrary: key 'Tf' (model: 'thaumcraft:models/block/thaumatorium.mtl') is not currently supported, skipping
[22:28:95] [Client thread/INFO]: OBJLoader.MaterialLibrary: key 'illum' (model: 'thaumcraft:models/block/thaumatorium.mtl') is not currently supported, skipping
[22:28:95] [Client thread/INFO]: OBJModel: A color has already been defined for material 'texture' in 'thaumcraft:models/block/thaumatorium.mtl'. The color defined by key 'Ks' will not be applied!
[22:28:95] [Client thread/INFO]: OBJLoader.MaterialLibrary: key 'Ke' (model: 'thaumcraft:models/block/thaumatorium.mtl') is not currently supported, skipping
[22:28:17] [Sound Library Loader/INFO]: Sound engine started
[22:28:24] [Client thread/INFO]: OBJLoader.MaterialLibrary: key 'Ns' (model: 'thaumcraft:models/block/golembuilder.mtl') is not currently supported, skipping
[22:28:24] [Client thread/INFO]: OBJLoader.MaterialLibrary: key 'Ni' (model: 'thaumcraft:models/block/golembuilder.mtl') is not currently supported, skipping
[22:28:24] [Client thread/INFO]: OBJLoader.MaterialLibrary: key 'Tf' (model: 'thaumcraft:models/block/golembuilder.mtl') is not currently supported, skipping
[22:28:24] [Client thread/INFO]: OBJLoader.MaterialLibrary: key 'illum' (model: 'thaumcraft:models/block/golembuilder.mtl') is not currently supported, skipping
[22:28:24] [Client thread/INFO]: OBJModel: A color has already been defined for material 'texture' in 'thaumcraft:models/block/golembuilder.mtl'. The color defined by key 'Ks' will not be applied!
[22:28:24] [Client thread/INFO]: OBJLoader.MaterialLibrary: key 'Ke' (model: 'thaumcraft:models/block/golembuilder.mtl') is not currently supported, skipping
[22:28:25] [Client thread/INFO]: OBJLoader.MaterialLibrary: key 'Ns' (model: 'thaumcraft:models/item/scanner.mtl') is not currently supported, skipping
[22:28:25] [Client thread/INFO]: OBJLoader.MaterialLibrary: key 'Ni' (model: 'thaumcraft:models/item/scanner.mtl') is not currently supported, skipping
[22:28:25] [Client thread/INFO]: OBJLoader.MaterialLibrary: key 'Tf' (model: 'thaumcraft:models/item/scanner.mtl') is not currently supported, skipping
[22:28:25] [Client thread/INFO]: OBJLoader.MaterialLibrary: key 'illum' (model: 'thaumcraft:models/item/scanner.mtl') is not currently supported, skipping
[22:28:25] [Client thread/INFO]: OBJModel: A color has already been defined for material 'body' in 'thaumcraft:models/item/scanner.mtl'. The color defined by key 'Ks' will not be applied!
[22:28:25] [Client thread/INFO]: OBJLoader.MaterialLibrary: key 'Ke' (model: 'thaumcraft:models/item/scanner.mtl') is not currently supported, skipping
[22:28:25] [Client thread/INFO]: OBJModel: A color has already been defined for material 'pane' in 'thaumcraft:models/item/scanner.mtl'. The color defined by key 'Ks' will not be applied!
[22:28:49] [Client thread/INFO]: [OptiFine] Mipmap levels: 4
[22:28:49] [Client thread/INFO]: [OptiFine] Multitexture: false
[22:28:49] [Client thread/INFO]: [OptiFine] ConnectedTextures: mcpatcher/ctm/default/0_glass_white/glass_pane_white.properties
[22:28:49] [Client thread/INFO]: [OptiFine] ConnectedTextures: mcpatcher/ctm/default/0_glass_white/glass_white.properties
[22:28:49] [Client thread/INFO]: [OptiFine] ConnectedTextures: mcpatcher/ctm/default/10_glass_purple/glass_pane_purple.properties
[22:28:49] [Client thread/INFO]: [OptiFine] ConnectedTextures: mcpatcher/ctm/default/10_glass_purple/glass_purple.properties
[22:28:49] [Client thread/INFO]: [OptiFine] ConnectedTextures: mcpatcher/ctm/default/11_glass_blue/glass_blue.properties
[22:28:49] [Client thread/INFO]: [OptiFine] ConnectedTextures: mcpatcher/ctm/default/11_glass_blue/glass_pane_blue.properties
[22:28:49] [Client thread/INFO]: [OptiFine] ConnectedTextures: mcpatcher/ctm/default/12_glass_brown/glass_brown.properties
[22:28:49] [Client thread/INFO]: [OptiFine] ConnectedTextures: mcpatcher/ctm/default/12_glass_brown/glass_pane_brown.properties
[22:28:49] [Client thread/INFO]: [OptiFine] ConnectedTextures: mcpatcher/ctm/default/13_glass_green/glass_green.properties
[22:28:49] [Client thread/INFO]: [OptiFine] ConnectedTextures: mcpatcher/ctm/default/13_glass_green/glass_pane_green.properties
[22:28:49] [Client thread/INFO]: [OptiFine] ConnectedTextures: mcpatcher/ctm/default/14_glass_red/glass_pane_red.properties
[22:28:49] [Client thread/INFO]: [OptiFine] ConnectedTextures: mcpatcher/ctm/default/14_glass_red/glass_red.properties
[22:28:49] [Client thread/INFO]: [OptiFine] ConnectedTextures: mcpatcher/ctm/default/15_glass_black/glass_black.properties
[22:28:49] [Client thread/INFO]: [OptiFine] ConnectedTextures: mcpatcher/ctm/default/15_glass_black/glass_pane_black.properties
[22:28:49] [Client thread/INFO]: [OptiFine] ConnectedTextures: mcpatcher/ctm/default/1_glass_orange/glass_orange.properties
[22:28:49] [Client thread/INFO]: [OptiFine] ConnectedTextures: mcpatcher/ctm/default/1_glass_orange/glass_pane_orange.properties
[22:28:49] [Client thread/INFO]: [OptiFine] ConnectedTextures: mcpatcher/ctm/default/2_glass_magenta/glass_magenta.properties
[22:28:49] [Client thread/INFO]: [OptiFine] ConnectedTextures: mcpatcher/ctm/default/2_glass_magenta/glass_pane_magenta.properties
[22:28:50] [Client thread/INFO]: [OptiFine] ConnectedTextures: mcpatcher/ctm/default/3_glass_light_blue/glass_light_blue.properties
[22:28:50] [Client thread/INFO]: [OptiFine] ConnectedTextures: mcpatcher/ctm/default/3_glass_light_blue/glass_pane_light_blue.properties
[22:28:50] [Client thread/INFO]: [OptiFine] ConnectedTextures: mcpatcher/ctm/default/4_glass_yellow/glass_pane_yellow.properties
[22:28:50] [Client thread/INFO]: [OptiFine] ConnectedTextures: mcpatcher/ctm/default/4_glass_yellow/glass_yellow.properties
[22:28:50] [Client thread/INFO]: [OptiFine] ConnectedTextures: mcpatcher/ctm/default/5_glass_lime/glass_lime.properties
[22:28:50] [Client thread/INFO]: [OptiFine] ConnectedTextures: mcpatcher/ctm/default/5_glass_lime/glass_pane_lime.properties
[22:28:50] [Client thread/INFO]: [OptiFine] ConnectedTextures: mcpatcher/ctm/default/6_glass_pink/glass_pane_pink.properties
[22:28:50] [Client thread/INFO]: [OptiFine] ConnectedTextures: mcpatcher/ctm/default/6_glass_pink/glass_pink.properties
[22:28:50] [Client thread/INFO]: [OptiFine] ConnectedTextures: mcpatcher/ctm/default/7_glass_gray/glass_gray.properties
[22:28:50] [Client thread/INFO]: [OptiFine] ConnectedTextures: mcpatcher/ctm/default/7_glass_gray/glass_pane_gray.properties
[22:28:50] [Client thread/INFO]: [OptiFine] ConnectedTextures: mcpatcher/ctm/default/8_glass_silver/glass_pane_silver.properties
[22:28:50] [Client thread/INFO]: [OptiFine] ConnectedTextures: mcpatcher/ctm/default/8_glass_silver/glass_silver.properties
[22:28:50] [Client thread/INFO]: [OptiFine] ConnectedTextures: mcpatcher/ctm/default/9_glass_cyan/glass_cyan.properties
[22:28:50] [Client thread/INFO]: [OptiFine] ConnectedTextures: mcpatcher/ctm/default/9_glass_cyan/glass_pane_cyan.properties
[22:28:50] [Client thread/INFO]: [OptiFine] ConnectedTextures: mcpatcher/ctm/default/bookshelf.properties
[22:28:50] [Client thread/INFO]: [OptiFine] ConnectedTextures: mcpatcher/ctm/default/glass.properties
[22:28:50] [Client thread/INFO]: [OptiFine] ConnectedTextures: mcpatcher/ctm/default/glasspane.properties
[22:28:50] [Client thread/INFO]: [OptiFine] ConnectedTextures: mcpatcher/ctm/default/sandstone.properties
[22:28:50] [Client thread/INFO]: [OptiFine] Multipass connected textures: false
[22:28:50] [Client thread/INFO]: [OptiFine] BetterGrass: Parsing default configuration optifine/bettergrass.properties
[22:28:66] [Client thread/ERROR]: Using missing texture, unable to load thaumcraft:textures/items\scanscreen.png.png, java.io.FileNotFoundException
[22:28:91] [Client thread/ERROR]: Using missing texture, unable to load minecraft:textures/\thaumcraft\thaumcraft110\src\main\resources\assets\thaumcraft\textures\blocks\thaumatorium.png.png, java.io.FileNotFoundException
[22:28:93] [Client thread/ERROR]: Using missing texture, unable to load minecraft:textures/\thaumcraft\thaumcraft110\bin\assets\thaumcraft\textures\blocks\golembuilder.png.png, java.io.FileNotFoundException
[22:28:94] [Client thread/ERROR]: Using missing texture, unable to load minecraft:textures/\thaumcraft\thaumcraft110\src\main\resources\assets\thaumcraft\textures\blocks\arcane_workbench_charger.png.png, java.io.FileNotFoundException
[22:28:04] [Client thread/ERROR]: Using missing texture, unable to load thaumcraft:textures/items\scanner.png.png, java.io.FileNotFoundException
[22:28:22] [Client thread/ERROR]: Using missing texture, unable to load minecraft:textures/textures/atlas/blocks.png.png, java.io.FileNotFoundException
[22:28:28] [Client thread/INFO]: [OptiFine] Custom loader sprites: 9
[22:28:28] [Client thread/INFO]: [OptiFine] Sprite dependencies: 12
[22:28:39] [Client thread/INFO]: Created: 2048x1024 textures-atlas
[22:28:41] [Client thread/INFO]: [OptiFine] Animated sprites: 157
[22:28:77] [Client thread/ERROR]: Exception loading model for variant twilightforest:trans_door#inventory, normal location exception: 
net.minecraftforge.client.model.ModelLoaderRegistry$LoaderException: Exception loading model twilightforest:item/trans_door with loader VanillaLoader.INSTANCE, skipping
	at net.minecraftforge.client.model.ModelLoaderRegistry.getModel(ModelLoaderRegistry.java:161)
	at net.minecraftforge.client.model.ModelLoader.func_177590_d(ModelLoader.java:302)
	at net.minecraft.client.renderer.block.model.ModelBakery.func_177577_b(ModelBakery.java:194)
	at net.minecraftforge.client.model.ModelLoader.func_177570_a(ModelLoader.java:151)
	at net.minecraft.client.renderer.block.model.ModelManager.func_110549_a(ModelManager.java:28)
	at net.minecraft.client.resources.SimpleReloadableResourceManager.func_110544_b(SimpleReloadableResourceManager.java:132)
	at net.minecraft.client.resources.SimpleReloadableResourceManager.func_110541_a(SimpleReloadableResourceManager.java:112)
	at net.minecraft.client.Minecraft.func_110436_a(Minecraft.java:808)
	at net.minecraftforge.fml.client.FMLClientHandler.refreshResources(FMLClientHandler.java:1128)
	at net.minecraftforge.fml.client.FMLClientHandler.refreshResources(FMLClientHandler.java:1121)
	at net.minecraft.client.gui.GuiLanguage$List.func_148144_a(GuiLanguage.java:111)
	at net.minecraft.client.gui.GuiSlot.func_178039_p(GuiSlot.java:323)
	at net.minecraft.client.gui.GuiLanguage.func_146274_d(GuiLanguage.java:43)
	at net.minecraft.client.gui.GuiScreen.func_146269_k(GuiScreen.java:501)
	at net.minecraft.client.Minecraft.func_71407_l(Minecraft.java:1759)
	at net.minecraft.client.Minecraft.func_71411_J(Minecraft.java:1098)
	at net.minecraft.client.Minecraft.func_99999_d(Minecraft.java:398)
	at net.minecraft.client.main.Main.main(SourceFile:123)
	at sun.reflect.NativeMethodAccessorImpl.invoke0(Native Method)
	at sun.reflect.NativeMethodAccessorImpl.invoke(NativeMethodAccessorImpl.java:62)
	at sun.reflect.DelegatingMethodAccessorImpl.invoke(DelegatingMethodAccessorImpl.java:43)
	at java.lang.reflect.Method.invoke(Method.java:497)
	at net.minecraft.launchwrapper.Launch.launch(Launch.java:135)
	at net.minecraft.launchwrapper.Launch.main(Launch.java:28)
Caused by: java.io.FileNotFoundException: twilightforest:models/item/trans_door.json
	at net.minecraft.client.resources.FallbackResourceManager.func_110536_a(FallbackResourceManager.java:69)
	at net.minecraft.client.resources.SimpleReloadableResourceManager.func_110536_a(SimpleReloadableResourceManager.java:65)
	at net.minecraft.client.renderer.block.model.ModelBakery.func_177594_c(ModelBakery.java:365)
	at net.minecraftforge.client.model.ModelLoader.access$1400(ModelLoader.java:115)
	at net.minecraftforge.client.model.ModelLoader$VanillaLoader.loadModel(ModelLoader.java:861)
	at net.minecraftforge.client.model.ModelLoaderRegistry.getModel(ModelLoaderRegistry.java:157)
	... 23 more

[22:28:77] [Client thread/ERROR]: Exception loading model for variant twilightforest:trans_door#inventory, blockstate location exception: 
net.minecraftforge.client.model.ModelLoaderRegistry$LoaderException: Exception loading model twilightforest:trans_door#inventory with loader VariantLoader.INSTANCE, skipping
	at net.minecraftforge.client.model.ModelLoaderRegistry.getModel(ModelLoaderRegistry.java:161)
	at net.minecraftforge.client.model.ModelLoader.func_177590_d(ModelLoader.java:296)
	at net.minecraft.client.renderer.block.model.ModelBakery.func_177577_b(ModelBakery.java:194)
	at net.minecraftforge.client.model.ModelLoader.func_177570_a(ModelLoader.java:151)
	at net.minecraft.client.renderer.block.model.ModelManager.func_110549_a(ModelManager.java:28)
	at net.minecraft.client.resources.SimpleReloadableResourceManager.func_110544_b(SimpleReloadableResourceManager.java:132)
	at net.minecraft.client.resources.SimpleReloadableResourceManager.func_110541_a(SimpleReloadableResourceManager.java:112)
	at net.minecraft.client.Minecraft.func_110436_a(Minecraft.java:808)
	at net.minecraftforge.fml.client.FMLClientHandler.refreshResources(FMLClientHandler.java:1128)
	at net.minecraftforge.fml.client.FMLClientHandler.refreshResources(FMLClientHandler.java:1121)
	at net.minecraft.client.gui.GuiLanguage$List.func_148144_a(GuiLanguage.java:111)
	at net.minecraft.client.gui.GuiSlot.func_178039_p(GuiSlot.java:323)
	at net.minecraft.client.gui.GuiLanguage.func_146274_d(GuiLanguage.java:43)
	at net.minecraft.client.gui.GuiScreen.func_146269_k(GuiScreen.java:501)
	at net.minecraft.client.Minecraft.func_71407_l(Minecraft.java:1759)
	at net.minecraft.client.Minecraft.func_71411_J(Minecraft.java:1098)
	at net.minecraft.client.Minecraft.func_99999_d(Minecraft.java:398)
	at net.minecraft.client.main.Main.main(SourceFile:123)
	at sun.reflect.NativeMethodAccessorImpl.invoke0(Native Method)
	at sun.reflect.NativeMethodAccessorImpl.invoke(NativeMethodAccessorImpl.java:62)
	at sun.reflect.DelegatingMethodAccessorImpl.invoke(DelegatingMethodAccessorImpl.java:43)
	at java.lang.reflect.Method.invoke(Method.java:497)
	at net.minecraft.launchwrapper.Launch.launch(Launch.java:135)
	at net.minecraft.launchwrapper.Launch.main(Launch.java:28)
Caused by: net.minecraft.client.renderer.block.model.ModelBlockDefinition$MissingVariantException
	at net.minecraft.client.renderer.block.model.ModelBlockDefinition.func_188004_c(ModelBlockDefinition.java:83)
	at net.minecraftforge.client.model.ModelLoader$VariantLoader.loadModel(ModelLoader.java:1175)
	at net.minecraftforge.client.model.ModelLoaderRegistry.getModel(ModelLoaderRegistry.java:157)
	... 23 more

[22:28:77] [Client thread/ERROR]: Exception loading model for variant twilightforest:twilight_oak_door#inventory, normal location exception: 
net.minecraftforge.client.model.ModelLoaderRegistry$LoaderException: Exception loading model twilightforest:item/twilight_oak_door with loader VanillaLoader.INSTANCE, skipping
	at net.minecraftforge.client.model.ModelLoaderRegistry.getModel(ModelLoaderRegistry.java:161)
	at net.minecraftforge.client.model.ModelLoader.func_177590_d(ModelLoader.java:302)
	at net.minecraft.client.renderer.block.model.ModelBakery.func_177577_b(ModelBakery.java:194)
	at net.minecraftforge.client.model.ModelLoader.func_177570_a(ModelLoader.java:151)
	at net.minecraft.client.renderer.block.model.ModelManager.func_110549_a(ModelManager.java:28)
	at net.minecraft.client.resources.SimpleReloadableResourceManager.func_110544_b(SimpleReloadableResourceManager.java:132)
	at net.minecraft.client.resources.SimpleReloadableResourceManager.func_110541_a(SimpleReloadableResourceManager.java:112)
	at net.minecraft.client.Minecraft.func_110436_a(Minecraft.java:808)
	at net.minecraftforge.fml.client.FMLClientHandler.refreshResources(FMLClientHandler.java:1128)
	at net.minecraftforge.fml.client.FMLClientHandler.refreshResources(FMLClientHandler.java:1121)
	at net.minecraft.client.gui.GuiLanguage$List.func_148144_a(GuiLanguage.java:111)
	at net.minecraft.client.gui.GuiSlot.func_178039_p(GuiSlot.java:323)
	at net.minecraft.client.gui.GuiLanguage.func_146274_d(GuiLanguage.java:43)
	at net.minecraft.client.gui.GuiScreen.func_146269_k(GuiScreen.java:501)
	at net.minecraft.client.Minecraft.func_71407_l(Minecraft.java:1759)
	at net.minecraft.client.Minecraft.func_71411_J(Minecraft.java:1098)
	at net.minecraft.client.Minecraft.func_99999_d(Minecraft.java:398)
	at net.minecraft.client.main.Main.main(SourceFile:123)
	at sun.reflect.NativeMethodAccessorImpl.invoke0(Native Method)
	at sun.reflect.NativeMethodAccessorImpl.invoke(NativeMethodAccessorImpl.java:62)
	at sun.reflect.DelegatingMethodAccessorImpl.invoke(DelegatingMethodAccessorImpl.java:43)
	at java.lang.reflect.Method.invoke(Method.java:497)
	at net.minecraft.launchwrapper.Launch.launch(Launch.java:135)
	at net.minecraft.launchwrapper.Launch.main(Launch.java:28)
Caused by: java.io.FileNotFoundException: twilightforest:models/item/twilight_oak_door.json
	at net.minecraft.client.resources.FallbackResourceManager.func_110536_a(FallbackResourceManager.java:69)
	at net.minecraft.client.resources.SimpleReloadableResourceManager.func_110536_a(SimpleReloadableResourceManager.java:65)
	at net.minecraft.client.renderer.block.model.ModelBakery.func_177594_c(ModelBakery.java:365)
	at net.minecraftforge.client.model.ModelLoader.access$1400(ModelLoader.java:115)
	at net.minecraftforge.client.model.ModelLoader$VanillaLoader.loadModel(ModelLoader.java:861)
	at net.minecraftforge.client.model.ModelLoaderRegistry.getModel(ModelLoaderRegistry.java:157)
	... 23 more

[22:28:77] [Client thread/ERROR]: Exception loading model for variant twilightforest:twilight_oak_door#inventory, blockstate location exception: 
net.minecraftforge.client.model.ModelLoaderRegistry$LoaderException: Exception loading model twilightforest:twilight_oak_door#inventory with loader VariantLoader.INSTANCE, skipping
	at net.minecraftforge.client.model.ModelLoaderRegistry.getModel(ModelLoaderRegistry.java:161)
	at net.minecraftforge.client.model.ModelLoader.func_177590_d(ModelLoader.java:296)
	at net.minecraft.client.renderer.block.model.ModelBakery.func_177577_b(ModelBakery.java:194)
	at net.minecraftforge.client.model.ModelLoader.func_177570_a(ModelLoader.java:151)
	at net.minecraft.client.renderer.block.model.ModelManager.func_110549_a(ModelManager.java:28)
	at net.minecraft.client.resources.SimpleReloadableResourceManager.func_110544_b(SimpleReloadableResourceManager.java:132)
	at net.minecraft.client.resources.SimpleReloadableResourceManager.func_110541_a(SimpleReloadableResourceManager.java:112)
	at net.minecraft.client.Minecraft.func_110436_a(Minecraft.java:808)
	at net.minecraftforge.fml.client.FMLClientHandler.refreshResources(FMLClientHandler.java:1128)
	at net.minecraftforge.fml.client.FMLClientHandler.refreshResources(FMLClientHandler.java:1121)
	at net.minecraft.client.gui.GuiLanguage$List.func_148144_a(GuiLanguage.java:111)
	at net.minecraft.client.gui.GuiSlot.func_178039_p(GuiSlot.java:323)
	at net.minecraft.client.gui.GuiLanguage.func_146274_d(GuiLanguage.java:43)
	at net.minecraft.client.gui.GuiScreen.func_146269_k(GuiScreen.java:501)
	at net.minecraft.client.Minecraft.func_71407_l(Minecraft.java:1759)
	at net.minecraft.client.Minecraft.func_71411_J(Minecraft.java:1098)
	at net.minecraft.client.Minecraft.func_99999_d(Minecraft.java:398)
	at net.minecraft.client.main.Main.main(SourceFile:123)
	at sun.reflect.NativeMethodAccessorImpl.invoke0(Native Method)
	at sun.reflect.NativeMethodAccessorImpl.invoke(NativeMethodAccessorImpl.java:62)
	at sun.reflect.DelegatingMethodAccessorImpl.invoke(DelegatingMethodAccessorImpl.java:43)
	at java.lang.reflect.Method.invoke(Method.java:497)
	at net.minecraft.launchwrapper.Launch.launch(Launch.java:135)
	at net.minecraft.launchwrapper.Launch.main(Launch.java:28)
Caused by: net.minecraft.client.renderer.block.model.ModelBlockDefinition$MissingVariantException
	at net.minecraft.client.renderer.block.model.ModelBlockDefinition.func_188004_c(ModelBlockDefinition.java:83)
	at net.minecraftforge.client.model.ModelLoader$VariantLoader.loadModel(ModelLoader.java:1175)
	at net.minecraftforge.client.model.ModelLoaderRegistry.getModel(ModelLoaderRegistry.java:157)
	... 23 more

[22:28:78] [Client thread/ERROR]: Exception loading model for variant twilightforest:mine_door#inventory, normal location exception: 
net.minecraftforge.client.model.ModelLoaderRegistry$LoaderException: Exception loading model twilightforest:item/mine_door with loader VanillaLoader.INSTANCE, skipping
	at net.minecraftforge.client.model.ModelLoaderRegistry.getModel(ModelLoaderRegistry.java:161)
	at net.minecraftforge.client.model.ModelLoader.func_177590_d(ModelLoader.java:302)
	at net.minecraft.client.renderer.block.model.ModelBakery.func_177577_b(ModelBakery.java:194)
	at net.minecraftforge.client.model.ModelLoader.func_177570_a(ModelLoader.java:151)
	at net.minecraft.client.renderer.block.model.ModelManager.func_110549_a(ModelManager.java:28)
	at net.minecraft.client.resources.SimpleReloadableResourceManager.func_110544_b(SimpleReloadableResourceManager.java:132)
	at net.minecraft.client.resources.SimpleReloadableResourceManager.func_110541_a(SimpleReloadableResourceManager.java:112)
	at net.minecraft.client.Minecraft.func_110436_a(Minecraft.java:808)
	at net.minecraftforge.fml.client.FMLClientHandler.refreshResources(FMLClientHandler.java:1128)
	at net.minecraftforge.fml.client.FMLClientHandler.refreshResources(FMLClientHandler.java:1121)
	at net.minecraft.client.gui.GuiLanguage$List.func_148144_a(GuiLanguage.java:111)
	at net.minecraft.client.gui.GuiSlot.func_178039_p(GuiSlot.java:323)
	at net.minecraft.client.gui.GuiLanguage.func_146274_d(GuiLanguage.java:43)
	at net.minecraft.client.gui.GuiScreen.func_146269_k(GuiScreen.java:501)
	at net.minecraft.client.Minecraft.func_71407_l(Minecraft.java:1759)
	at net.minecraft.client.Minecraft.func_71411_J(Minecraft.java:1098)
	at net.minecraft.client.Minecraft.func_99999_d(Minecraft.java:398)
	at net.minecraft.client.main.Main.main(SourceFile:123)
	at sun.reflect.NativeMethodAccessorImpl.invoke0(Native Method)
	at sun.reflect.NativeMethodAccessorImpl.invoke(NativeMethodAccessorImpl.java:62)
	at sun.reflect.DelegatingMethodAccessorImpl.invoke(DelegatingMethodAccessorImpl.java:43)
	at java.lang.reflect.Method.invoke(Method.java:497)
	at net.minecraft.launchwrapper.Launch.launch(Launch.java:135)
	at net.minecraft.launchwrapper.Launch.main(Launch.java:28)
Caused by: java.io.FileNotFoundException: twilightforest:models/item/mine_door.json
	at net.minecraft.client.resources.FallbackResourceManager.func_110536_a(FallbackResourceManager.java:69)
	at net.minecraft.client.resources.SimpleReloadableResourceManager.func_110536_a(SimpleReloadableResourceManager.java:65)
	at net.minecraft.client.renderer.block.model.ModelBakery.func_177594_c(ModelBakery.java:365)
	at net.minecraftforge.client.model.ModelLoader.access$1400(ModelLoader.java:115)
	at net.minecraftforge.client.model.ModelLoader$VanillaLoader.loadModel(ModelLoader.java:861)
	at net.minecraftforge.client.model.ModelLoaderRegistry.getModel(ModelLoaderRegistry.java:157)
	... 23 more

[22:28:78] [Client thread/ERROR]: Exception loading model for variant twilightforest:mine_door#inventory, blockstate location exception: 
net.minecraftforge.client.model.ModelLoaderRegistry$LoaderException: Exception loading model twilightforest:mine_door#inventory with loader VariantLoader.INSTANCE, skipping
	at net.minecraftforge.client.model.ModelLoaderRegistry.getModel(ModelLoaderRegistry.java:161)
	at net.minecraftforge.client.model.ModelLoader.func_177590_d(ModelLoader.java:296)
	at net.minecraft.client.renderer.block.model.ModelBakery.func_177577_b(ModelBakery.java:194)
	at net.minecraftforge.client.model.ModelLoader.func_177570_a(ModelLoader.java:151)
	at net.minecraft.client.renderer.block.model.ModelManager.func_110549_a(ModelManager.java:28)
	at net.minecraft.client.resources.SimpleReloadableResourceManager.func_110544_b(SimpleReloadableResourceManager.java:132)
	at net.minecraft.client.resources.SimpleReloadableResourceManager.func_110541_a(SimpleReloadableResourceManager.java:112)
	at net.minecraft.client.Minecraft.func_110436_a(Minecraft.java:808)
	at net.minecraftforge.fml.client.FMLClientHandler.refreshResources(FMLClientHandler.java:1128)
	at net.minecraftforge.fml.client.FMLClientHandler.refreshResources(FMLClientHandler.java:1121)
	at net.minecraft.client.gui.GuiLanguage$List.func_148144_a(GuiLanguage.java:111)
	at net.minecraft.client.gui.GuiSlot.func_178039_p(GuiSlot.java:323)
	at net.minecraft.client.gui.GuiLanguage.func_146274_d(GuiLanguage.java:43)
	at net.minecraft.client.gui.GuiScreen.func_146269_k(GuiScreen.java:501)
	at net.minecraft.client.Minecraft.func_71407_l(Minecraft.java:1759)
	at net.minecraft.client.Minecraft.func_71411_J(Minecraft.java:1098)
	at net.minecraft.client.Minecraft.func_99999_d(Minecraft.java:398)
	at net.minecraft.client.main.Main.main(SourceFile:123)
	at sun.reflect.NativeMethodAccessorImpl.invoke0(Native Method)
	at sun.reflect.NativeMethodAccessorImpl.invoke(NativeMethodAccessorImpl.java:62)
	at sun.reflect.DelegatingMethodAccessorImpl.invoke(DelegatingMethodAccessorImpl.java:43)
	at java.lang.reflect.Method.invoke(Method.java:497)
	at net.minecraft.launchwrapper.Launch.launch(Launch.java:135)
	at net.minecraft.launchwrapper.Launch.main(Launch.java:28)
Caused by: net.minecraft.client.renderer.block.model.ModelBlockDefinition$MissingVariantException
	at net.minecraft.client.renderer.block.model.ModelBlockDefinition.func_188004_c(ModelBlockDefinition.java:83)
	at net.minecraftforge.client.model.ModelLoader$VariantLoader.loadModel(ModelLoader.java:1175)
	at net.minecraftforge.client.model.ModelLoaderRegistry.getModel(ModelLoaderRegistry.java:157)
	... 23 more

[22:28:78] [Client thread/ERROR]: Exception loading model for variant minecraft:air#inventory, normal location exception: 
net.minecraftforge.client.model.ModelLoaderRegistry$LoaderException: Exception loading model minecraft:item/air with loader VanillaLoader.INSTANCE, skipping
	at net.minecraftforge.client.model.ModelLoaderRegistry.getModel(ModelLoaderRegistry.java:161)
	at net.minecraftforge.client.model.ModelLoader.func_177590_d(ModelLoader.java:302)
	at net.minecraft.client.renderer.block.model.ModelBakery.func_177577_b(ModelBakery.java:194)
	at net.minecraftforge.client.model.ModelLoader.func_177570_a(ModelLoader.java:151)
	at net.minecraft.client.renderer.block.model.ModelManager.func_110549_a(ModelManager.java:28)
	at net.minecraft.client.resources.SimpleReloadableResourceManager.func_110544_b(SimpleReloadableResourceManager.java:132)
	at net.minecraft.client.resources.SimpleReloadableResourceManager.func_110541_a(SimpleReloadableResourceManager.java:112)
	at net.minecraft.client.Minecraft.func_110436_a(Minecraft.java:808)
	at net.minecraftforge.fml.client.FMLClientHandler.refreshResources(FMLClientHandler.java:1128)
	at net.minecraftforge.fml.client.FMLClientHandler.refreshResources(FMLClientHandler.java:1121)
	at net.minecraft.client.gui.GuiLanguage$List.func_148144_a(GuiLanguage.java:111)
	at net.minecraft.client.gui.GuiSlot.func_178039_p(GuiSlot.java:323)
	at net.minecraft.client.gui.GuiLanguage.func_146274_d(GuiLanguage.java:43)
	at net.minecraft.client.gui.GuiScreen.func_146269_k(GuiScreen.java:501)
	at net.minecraft.client.Minecraft.func_71407_l(Minecraft.java:1759)
	at net.minecraft.client.Minecraft.func_71411_J(Minecraft.java:1098)
	at net.minecraft.client.Minecraft.func_99999_d(Minecraft.java:398)
	at net.minecraft.client.main.Main.main(SourceFile:123)
	at sun.reflect.NativeMethodAccessorImpl.invoke0(Native Method)
	at sun.reflect.NativeMethodAccessorImpl.invoke(NativeMethodAccessorImpl.java:62)
	at sun.reflect.DelegatingMethodAccessorImpl.invoke(DelegatingMethodAccessorImpl.java:43)
	at java.lang.reflect.Method.invoke(Method.java:497)
	at net.minecraft.launchwrapper.Launch.launch(Launch.java:135)
	at net.minecraft.launchwrapper.Launch.main(Launch.java:28)
Caused by: java.io.FileNotFoundException: minecraft:models/item/air.json
	at net.minecraft.client.resources.FallbackResourceManager.func_110536_a(FallbackResourceManager.java:69)
	at net.minecraft.client.resources.SimpleReloadableResourceManager.func_110536_a(SimpleReloadableResourceManager.java:65)
	at net.minecraft.client.renderer.block.model.ModelBakery.func_177594_c(ModelBakery.java:365)
	at net.minecraftforge.client.model.ModelLoader.access$1400(ModelLoader.java:115)
	at net.minecraftforge.client.model.ModelLoader$VanillaLoader.loadModel(ModelLoader.java:861)
	at net.minecraftforge.client.model.ModelLoaderRegistry.getModel(ModelLoaderRegistry.java:157)
	... 23 more

[22:28:78] [Client thread/ERROR]: Exception loading model for variant minecraft:air#inventory, blockstate location exception: 
net.minecraftforge.client.model.ModelLoaderRegistry$LoaderException: Exception loading model minecraft:air#inventory with loader VariantLoader.INSTANCE, skipping
	at net.minecraftforge.client.model.ModelLoaderRegistry.getModel(ModelLoaderRegistry.java:161)
	at net.minecraftforge.client.model.ModelLoader.func_177590_d(ModelLoader.java:296)
	at net.minecraft.client.renderer.block.model.ModelBakery.func_177577_b(ModelBakery.java:194)
	at net.minecraftforge.client.model.ModelLoader.func_177570_a(ModelLoader.java:151)
	at net.minecraft.client.renderer.block.model.ModelManager.func_110549_a(ModelManager.java:28)
	at net.minecraft.client.resources.SimpleReloadableResourceManager.func_110544_b(SimpleReloadableResourceManager.java:132)
	at net.minecraft.client.resources.SimpleReloadableResourceManager.func_110541_a(SimpleReloadableResourceManager.java:112)
	at net.minecraft.client.Minecraft.func_110436_a(Minecraft.java:808)
	at net.minecraftforge.fml.client.FMLClientHandler.refreshResources(FMLClientHandler.java:1128)
	at net.minecraftforge.fml.client.FMLClientHandler.refreshResources(FMLClientHandler.java:1121)
	at net.minecraft.client.gui.GuiLanguage$List.func_148144_a(GuiLanguage.java:111)
	at net.minecraft.client.gui.GuiSlot.func_178039_p(GuiSlot.java:323)
	at net.minecraft.client.gui.GuiLanguage.func_146274_d(GuiLanguage.java:43)
	at net.minecraft.client.gui.GuiScreen.func_146269_k(GuiScreen.java:501)
	at net.minecraft.client.Minecraft.func_71407_l(Minecraft.java:1759)
	at net.minecraft.client.Minecraft.func_71411_J(Minecraft.java:1098)
	at net.minecraft.client.Minecraft.func_99999_d(Minecraft.java:398)
	at net.minecraft.client.main.Main.main(SourceFile:123)
	at sun.reflect.NativeMethodAccessorImpl.invoke0(Native Method)
	at sun.reflect.NativeMethodAccessorImpl.invoke(NativeMethodAccessorImpl.java:62)
	at sun.reflect.DelegatingMethodAccessorImpl.invoke(DelegatingMethodAccessorImpl.java:43)
	at java.lang.reflect.Method.invoke(Method.java:497)
	at net.minecraft.launchwrapper.Launch.launch(Launch.java:135)
	at net.minecraft.launchwrapper.Launch.main(Launch.java:28)
Caused by: net.minecraft.client.renderer.block.model.ModelBlockDefinition$MissingVariantException
	at net.minecraft.client.renderer.block.model.ModelBlockDefinition.func_188004_c(ModelBlockDefinition.java:83)
	at net.minecraftforge.client.model.ModelLoader$VariantLoader.loadModel(ModelLoader.java:1175)
	at net.minecraftforge.client.model.ModelLoaderRegistry.getModel(ModelLoaderRegistry.java:157)
	... 23 more

[22:28:78] [Client thread/ERROR]: Exception loading model for variant twilightforest:mangrove_door#inventory, normal location exception: 
net.minecraftforge.client.model.ModelLoaderRegistry$LoaderException: Exception loading model twilightforest:item/mangrove_door with loader VanillaLoader.INSTANCE, skipping
	at net.minecraftforge.client.model.ModelLoaderRegistry.getModel(ModelLoaderRegistry.java:161)
	at net.minecraftforge.client.model.ModelLoader.func_177590_d(ModelLoader.java:302)
	at net.minecraft.client.renderer.block.model.ModelBakery.func_177577_b(ModelBakery.java:194)
	at net.minecraftforge.client.model.ModelLoader.func_177570_a(ModelLoader.java:151)
	at net.minecraft.client.renderer.block.model.ModelManager.func_110549_a(ModelManager.java:28)
	at net.minecraft.client.resources.SimpleReloadableResourceManager.func_110544_b(SimpleReloadableResourceManager.java:132)
	at net.minecraft.client.resources.SimpleReloadableResourceManager.func_110541_a(SimpleReloadableResourceManager.java:112)
	at net.minecraft.client.Minecraft.func_110436_a(Minecraft.java:808)
	at net.minecraftforge.fml.client.FMLClientHandler.refreshResources(FMLClientHandler.java:1128)
	at net.minecraftforge.fml.client.FMLClientHandler.refreshResources(FMLClientHandler.java:1121)
	at net.minecraft.client.gui.GuiLanguage$List.func_148144_a(GuiLanguage.java:111)
	at net.minecraft.client.gui.GuiSlot.func_178039_p(GuiSlot.java:323)
	at net.minecraft.client.gui.GuiLanguage.func_146274_d(GuiLanguage.java:43)
	at net.minecraft.client.gui.GuiScreen.func_146269_k(GuiScreen.java:501)
	at net.minecraft.client.Minecraft.func_71407_l(Minecraft.java:1759)
	at net.minecraft.client.Minecraft.func_71411_J(Minecraft.java:1098)
	at net.minecraft.client.Minecraft.func_99999_d(Minecraft.java:398)
	at net.minecraft.client.main.Main.main(SourceFile:123)
	at sun.reflect.NativeMethodAccessorImpl.invoke0(Native Method)
	at sun.reflect.NativeMethodAccessorImpl.invoke(NativeMethodAccessorImpl.java:62)
	at sun.reflect.DelegatingMethodAccessorImpl.invoke(DelegatingMethodAccessorImpl.java:43)
	at java.lang.reflect.Method.invoke(Method.java:497)
	at net.minecraft.launchwrapper.Launch.launch(Launch.java:135)
	at net.minecraft.launchwrapper.Launch.main(Launch.java:28)
Caused by: java.io.FileNotFoundException: twilightforest:models/item/mangrove_door.json
	at net.minecraft.client.resources.FallbackResourceManager.func_110536_a(FallbackResourceManager.java:69)
	at net.minecraft.client.resources.SimpleReloadableResourceManager.func_110536_a(SimpleReloadableResourceManager.java:65)
	at net.minecraft.client.renderer.block.model.ModelBakery.func_177594_c(ModelBakery.java:365)
	at net.minecraftforge.client.model.ModelLoader.access$1400(ModelLoader.java:115)
	at net.minecraftforge.client.model.ModelLoader$VanillaLoader.loadModel(ModelLoader.java:861)
	at net.minecraftforge.client.model.ModelLoaderRegistry.getModel(ModelLoaderRegistry.java:157)
	... 23 more

[22:28:78] [Client thread/ERROR]: Exception loading model for variant twilightforest:mangrove_door#inventory, blockstate location exception: 
net.minecraftforge.client.model.ModelLoaderRegistry$LoaderException: Exception loading model twilightforest:mangrove_door#inventory with loader VariantLoader.INSTANCE, skipping
	at net.minecraftforge.client.model.ModelLoaderRegistry.getModel(ModelLoaderRegistry.java:161)
	at net.minecraftforge.client.model.ModelLoader.func_177590_d(ModelLoader.java:296)
	at net.minecraft.client.renderer.block.model.ModelBakery.func_177577_b(ModelBakery.java:194)
	at net.minecraftforge.client.model.ModelLoader.func_177570_a(ModelLoader.java:151)
	at net.minecraft.client.renderer.block.model.ModelManager.func_110549_a(ModelManager.java:28)
	at net.minecraft.client.resources.SimpleReloadableResourceManager.func_110544_b(SimpleReloadableResourceManager.java:132)
	at net.minecraft.client.resources.SimpleReloadableResourceManager.func_110541_a(SimpleReloadableResourceManager.java:112)
	at net.minecraft.client.Minecraft.func_110436_a(Minecraft.java:808)
	at net.minecraftforge.fml.client.FMLClientHandler.refreshResources(FMLClientHandler.java:1128)
	at net.minecraftforge.fml.client.FMLClientHandler.refreshResources(FMLClientHandler.java:1121)
	at net.minecraft.client.gui.GuiLanguage$List.func_148144_a(GuiLanguage.java:111)
	at net.minecraft.client.gui.GuiSlot.func_178039_p(GuiSlot.java:323)
	at net.minecraft.client.gui.GuiLanguage.func_146274_d(GuiLanguage.java:43)
	at net.minecraft.client.gui.GuiScreen.func_146269_k(GuiScreen.java:501)
	at net.minecraft.client.Minecraft.func_71407_l(Minecraft.java:1759)
	at net.minecraft.client.Minecraft.func_71411_J(Minecraft.java:1098)
	at net.minecraft.client.Minecraft.func_99999_d(Minecraft.java:398)
	at net.minecraft.client.main.Main.main(SourceFile:123)
	at sun.reflect.NativeMethodAccessorImpl.invoke0(Native Method)
	at sun.reflect.NativeMethodAccessorImpl.invoke(NativeMethodAccessorImpl.java:62)
	at sun.reflect.DelegatingMethodAccessorImpl.invoke(DelegatingMethodAccessorImpl.java:43)
	at java.lang.reflect.Method.invoke(Method.java:497)
	at net.minecraft.launchwrapper.Launch.launch(Launch.java:135)
	at net.minecraft.launchwrapper.Launch.main(Launch.java:28)
Caused by: net.minecraft.client.renderer.block.model.ModelBlockDefinition$MissingVariantException
	at net.minecraft.client.renderer.block.model.ModelBlockDefinition.func_188004_c(ModelBlockDefinition.java:83)
	at net.minecraftforge.client.model.ModelLoader$VariantLoader.loadModel(ModelLoader.java:1175)
	at net.minecraftforge.client.model.ModelLoaderRegistry.getModel(ModelLoaderRegistry.java:157)
	... 23 more

[22:28:78] [Client thread/FATAL]: Suppressed additional 3 model loading errors for domain twilightforest
[22:28:03] [Client thread/INFO]: Restarting JEI.
[22:28:03] [Client thread/INFO]: Starting JEI...
[22:28:06] [Client thread/INFO]: Registering recipe categories...
[22:28:06] [Client thread/INFO]: Registering recipe categories took 118.5 μs
[22:28:06] [Client thread/INFO]: Registering mod plugins...
[22:28:10] [Client thread/INFO]: Registering mod plugins took 42.59 ms
[22:28:10] [Client thread/INFO]: Building recipe registry...
[22:28:10] [Client thread/ERROR]: A Recipe Handler has already been registered for this recipe class: com.github.alexthe666.iceandfire.recipe.DragonForgeRecipe
[22:28:15] [Client thread/INFO]: Building recipe registry took 47.21 ms
[22:28:15] [Client thread/INFO]: Building ingredient list...
[22:28:16] [Client thread/INFO]: Building ingredient list took 8.809 ms
[22:28:16] [Client thread/INFO]: Building ingredient filter...
[22:28:24] [Client thread/INFO]: Building ingredient filter took 80.90 ms
[22:28:24] [Client thread/INFO]: Building bookmarks...
[22:28:24] [Client thread/INFO]: Building bookmarks took 114.0 μs
[22:28:24] [Client thread/INFO]: Building runtime...
[22:28:24] [Client thread/INFO]: Building runtime took 1.646 ms
[22:28:24] [Client thread/INFO]: Optimizing memory usage...
[22:28:26] [Client thread/INFO]: Optimizing memory usage took 20.25 ms
[22:28:26] [Client thread/INFO]: Starting JEI took 229.7 ms
[22:28:26] [Client thread/INFO]: [OptiFine] *** Reloading custom textures ***
[22:28:78] [Client thread/INFO]: Stopping!
[22:28:78] [Client thread/INFO]: SoundSystem shutting down...
[22:28:99] [Client thread/WARN]: Author: Paul Lamb, www.paulscode.com
Here I am!
[VersionManager] Refreshing versions locally...
[VersionManager] Versions has been refreshed (3 ms)
[Launcher] Launcher exited.
[Launcher] Minecraft closed with exit code: 0
flush now
[OS] Trying to open folder: D:\
AccountComboBox.validte pre game launch username Account{skinType=TLAUNCHER, displayName=bloogas, type=TLAUNCHER, accessToken=(not null), userid=bloogas, uuid=bf40118e635f11eea9a3f02f74958d22, username=bloogas} TLAUNCHER
[TlauncherAuthenticator] Staring to authenticate: Account{skinType=TLAUNCHER, displayName=bloogas, type=TLAUNCHER, accessToken=(not null), userid=bloogas, uuid=bf40118e635f11eea9a3f02f74958d22, username=bloogas}
[TlauncherAuthenticator] hasUsername: bloogas
[TlauncherAuthenticator] hasPassword: false
[TlauncherAuthenticator] hasAccessToken: true
[TlauncherAuthenticator] Loggining in with token
[TlauncherAuthenticator] Log in successful!
[TlauncherAuthenticator] hasUUID: true
[TlauncherAuthenticator] hasAccessToken: true
[TlauncherAuthenticator] hasProfiles: true
[TlauncherAuthenticator] hasProfile: true
[TlauncherAuthenticator] hasProperties: true
onAuthPassed
saved account Account{skinType=TLAUNCHER, displayName=bloogas, type=TLAUNCHER, accessToken=(not null), userid=bloogas, uuid=bf40118e635f11eea9a3f02f74958d22, username=bloogas}
save profiles
[LoginForm] Login was OK. Trying to launch now.
[Launcher] Running under TLauncher 2.894
[Launcher] Collecting info...
[TLauncherManager] before clearLibrary D:\mods\Baubles-1.12-1.5.2.jar D:\mods\BetterFps-1.4.8.jar D:\mods\BrandonsCore-1.12.2-2.4.20.162-universal.jar D:\mods\CodeChickenLib-1.12.2-3.2.3.358-universal.jar D:\mods\DoggyTalents-1.12.2-1.15.1.6.jar D:\mods\Draconic-Evolution-1.12.2-2.3.28.354-universal.jar D:\mods\forbidden_arcanus-1.12.2-1.1.4.jar D:\mods\geckolib-forge-1.12.2-3.0.31.jar D:\mods\GrimoireOfGaia3-1.12.2-1.7.2.jar D:\mods\iceandfire-1.9.1-1.12.2.jar D:\mods\industrialcraft-2-2.8.222-ex112.jar D:\mods\jei_1.12.2-4.16.1.1001.jar D:\mods\llibrary-1.7.20-1.12.2.jar D:\mods\mowziesmobs-1.5.8.jar D:\mods\OptiFine-1.12.2_HD_U_G5.jar D:\mods\OptiFine-OptiFine-1.12.2_HD_U_G5.jar D:\mods\ore-spawn-mod-1_12_2.jar D:\mods\particleculling-1.12.2-v1.4.1.jar D:\mods\RedstoneFlux-1.12-2.1.1.1-universal.jar D:\mods\Surge-1.12.2-2.0.79.jar D:\mods\Thaumcraft-1.12.2-6.1.BETA26.jar D:\mods\tlskincape_1.12.2-1.4.jar D:\mods\twilightforest_1.12.2_3.11.1021_universal.jar D:\mods\_MixinBootstrap-1.1.0.jar
[TLauncherManager] written:  []
[TLauncherManager] after clearLibrary D:\mods\Baubles-1.12-1.5.2.jar D:\mods\BetterFps-1.4.8.jar D:\mods\BrandonsCore-1.12.2-2.4.20.162-universal.jar D:\mods\CodeChickenLib-1.12.2-3.2.3.358-universal.jar D:\mods\DoggyTalents-1.12.2-1.15.1.6.jar D:\mods\Draconic-Evolution-1.12.2-2.3.28.354-universal.jar D:\mods\forbidden_arcanus-1.12.2-1.1.4.jar D:\mods\geckolib-forge-1.12.2-3.0.31.jar D:\mods\GrimoireOfGaia3-1.12.2-1.7.2.jar D:\mods\iceandfire-1.9.1-1.12.2.jar D:\mods\industrialcraft-2-2.8.222-ex112.jar D:\mods\jei_1.12.2-4.16.1.1001.jar D:\mods\llibrary-1.7.20-1.12.2.jar D:\mods\mowziesmobs-1.5.8.jar D:\mods\OptiFine-1.12.2_HD_U_G5.jar D:\mods\ore-spawn-mod-1_12_2.jar D:\mods\particleculling-1.12.2-v1.4.1.jar D:\mods\RedstoneFlux-1.12-2.1.1.1-universal.jar D:\mods\Surge-1.12.2-2.0.79.jar D:\mods\Thaumcraft-1.12.2-6.1.BETA26.jar D:\mods\twilightforest_1.12.2_3.11.1021_universal.jar D:\mods\_MixinBootstrap-1.1.0.jar
[Launcher] Force update: false
[Launcher] Selected version: ForgeOptiFine 1.12.2
[Launcher] Selected account: Account{skinType=TLAUNCHER, displayName=bloogas, type=TLAUNCHER, accessToken=(not null), userid=bloogas, uuid=bf40118e635f11eea9a3f02f74958d22, username=bloogas}
[Launcher] Version sync info: VersionSyncInfo{id='ForgeOptiFine 1.12.2',
local=CompleteVersion{id='ForgeOptiFine 1.12.2', time=Mon Dec 13 17:15:32 IRKT 2021, release=Mon Sep 18 09:39:52 IRKT 2017, type=modified, class=net.minecraft.launchwrapper.Launch, minimumVersion=18, assets='1.12', source=LOCAL_VERSION_REPO, list=net.minecraft.launcher.updater.SkinVersionList@409cbfbd, libraries=[Library{name='net.minecraftforge:forge:1.12.2-14.23.5.2860', rules=null, natives=null, extract=null, packed='null'}, Library{name='org.ow2.asm:asm-debug-all:5.2', rules=null, natives=null, extract=null, packed='null'}, Library{name='net.minecraft:launchwrapper:1.12', rules=null, natives=null, extract=null, packed='null'}, Library{name='org.jline:jline:3.5.1', rules=null, natives=null, extract=null, packed='null'}, Library{name='com.typesafe.akka:akka-actor_2.11:2.3.3', rules=null, natives=null, extract=null, packed='null'}, Library{name='com.typesafe:config:1.2.1', rules=null, natives=null, extract=null, packed='null'}, Library{name='org.scala-lang:scala-actors-migration_2.11:1.1.0', rules=null, natives=null, extract=null, packed='null'}, Library{name='org.scala-lang:scala-compiler:2.11.1', rules=null, natives=null, extract=null, packed='null'}, Library{name='org.scala-lang.plugins:scala-continuations-library_2.11:1.0.2_mc', rules=null, natives=null, extract=null, packed='null'}, Library{name='org.scala-lang.plugins:scala-continuations-plugin_2.11.1:1.0.2_mc', rules=null, natives=null, extract=null, packed='null'}, Library{name='org.scala-lang:scala-library:2.11.1', rules=null, natives=null, extract=null, packed='null'}, Library{name='org.scala-lang:scala-parser-combinators_2.11:1.0.1', rules=null, natives=null, extract=null, packed='null'}, Library{name='org.scala-lang:scala-reflect:2.11.1', rules=null, natives=null, extract=null, packed='null'}, Library{name='org.scala-lang:scala-swing_2.11:1.0.1', rules=null, natives=null, extract=null, packed='null'}, Library{name='org.scala-lang:scala-xml_2.11:1.0.2', rules=null, natives=null, extract=null, packed='null'}, Library{name='lzma:lzma:0.0.1', rules=null, natives=null, extract=null, packed='null'}, Library{name='java3d:vecmath:1.5.2', rules=null, natives=null, extract=null, packed='null'}, Library{name='net.sf.trove4j:trove4j:3.0.3', rules=null, natives=null, extract=null, packed='null'}, Library{name='org.apache.maven:maven-artifact:3.5.3', rules=null, natives=null, extract=null, packed='null'}, Library{name='net.sf.jopt-simple:jopt-simple:5.0.3', rules=null, natives=null, extract=null, packed='null'}, Library{name='org.apache.logging.log4j:log4j-api:2.15.0', rules=null, natives=null, extract=null, packed='null'}, Library{name='org.apache.logging.log4j:log4j-core:2.15.0', rules=null, natives=null, extract=null, packed='null'}, Library{name='com.mojang:patchy:1.3.9', rules=null, natives=null, extract=null, packed='null'}, Library{name='oshi-project:oshi-core:1.1', rules=null, natives=null, extract=null, packed='null'}, Library{name='net.java.dev.jna:jna:4.4.0', rules=null, natives=null, extract=null, packed='null'}, Library{name='net.java.dev.jna:platform:3.4.0', rules=null, natives=null, extract=null, packed='null'}, Library{name='com.ibm.icu:icu4j-core-mojang:51.2', rules=null, natives=null, extract=null, packed='null'}, Library{name='net.sf.jopt-simple:jopt-simple:5.0.3', rules=null, natives=null, extract=null, packed='null'}, Library{name='com.paulscode:codecjorbis:20101023', rules=null, natives=null, extract=null, packed='null'}, Library{name='com.paulscode:codecwav:20101023', rules=null, natives=null, extract=null, packed='null'}, Library{name='com.paulscode:libraryjavasound:20101123', rules=null, natives=null, extract=null, packed='null'}, Library{name='com.paulscode:librarylwjglopenal:20100824', rules=null, natives=null, extract=null, packed='null'}, Library{name='com.paulscode:soundsystem:20120107', rules=null, natives=null, extract=null, packed='null'}, Library{name='io.netty:netty-all:4.1.9.Final', rules=null, natives=null, extract=null, packed='null'}, Library{name='com.google.guava:guava:21.0', rules=null, natives=null, extract=null, packed='null'}, Library{name='org.apache.commons:commons-lang3:3.5', rules=null, natives=null, extract=null, packed='null'}, Library{name='commons-io:commons-io:2.5', rules=null, natives=null, extract=null, packed='null'}, Library{name='commons-codec:commons-codec:1.10', rules=null, natives=null, extract=null, packed='null'}, Library{name='net.java.jinput:jinput:2.0.5', rules=null, natives=null, extract=null, packed='null'}, Library{name='net.java.jutils:jutils:1.0.0', rules=null, natives=null, extract=null, packed='null'}, Library{name='com.google.code.gson:gson:2.8.0', rules=null, natives=null, extract=null, packed='null'}, Library{name='com.mojang:authlib:1.5.25', rules=null, natives=null, extract=null, packed='null'}, Library{name='com.mojang:realms:1.10.22', rules=null, natives=null, extract=null, packed='null'}, Library{name='org.apache.commons:commons-compress:1.8.1', rules=null, natives=null, extract=null, packed='null'}, Library{name='org.apache.httpcomponents:httpclient:4.3.3', rules=null, natives=null, extract=null, packed='null'}, Library{name='commons-logging:commons-logging:1.1.3', rules=null, natives=null, extract=null, packed='null'}, Library{name='org.apache.httpcomponents:httpcore:4.3.2', rules=null, natives=null, extract=null, packed='null'}, Library{name='it.unimi.dsi:fastutil:7.1.0', rules=null, natives=null, extract=null, packed='null'}, Library{name='org.apache.logging.log4j:log4j-api:2.8.1', rules=null, natives=null, extract=null, packed='null'}, Library{name='org.apache.logging.log4j:log4j-core:2.8.1', rules=null, natives=null, extract=null, packed='null'}, Library{name='org.lwjgl.lwjgl:lwjgl:2.9.4-nightly-20150209', rules=[Rule{action=ALLOW, os=null, features=null}, Rule{action=DISALLOW, os=OSRestriction{name=OSX, version='null'}, features=null}], natives=null, extract=null, packed='null'}, Library{name='org.lwjgl.lwjgl:lwjgl_util:2.9.4-nightly-20150209', rules=[Rule{action=ALLOW, os=null, features=null}, Rule{action=DISALLOW, os=OSRestriction{name=OSX, version='null'}, features=null}], natives=null, extract=null, packed='null'}, Library{name='org.lwjgl.lwjgl:lwjgl-platform:2.9.4-nightly-20150209', rules=[Rule{action=ALLOW, os=null, features=null}, Rule{action=DISALLOW, os=OSRestriction{name=OSX, version='null'}, features=null}], natives={LINUX=natives-linux, OSX=natives-osx, WINDOWS=natives-windows}, extract=net.minecraft.launcher.versions.ExtractRules@154ed4b6, packed='null'}, Library{name='org.lwjgl.lwjgl:lwjgl:2.9.2-nightly-20140822', rules=[Rule{action=ALLOW, os=OSRestriction{name=OSX, version='null'}, features=null}], natives=null, extract=null, packed='null'}, Library{name='org.lwjgl.lwjgl:lwjgl_util:2.9.2-nightly-20140822', rules=[Rule{action=ALLOW, os=OSRestriction{name=OSX, version='null'}, features=null}], natives=null, extract=null, packed='null'}, Library{name='org.lwjgl.lwjgl:lwjgl-platform:2.9.2-nightly-20140822', rules=[Rule{action=ALLOW, os=OSRestriction{name=OSX, version='null'}, features=null}], natives={LINUX=natives-linux, OSX=natives-osx, WINDOWS=natives-windows}, extract=net.minecraft.launcher.versions.ExtractRules@522cad75, packed='null'}, Library{name='net.java.jinput:jinput-platform:2.0.5', rules=null, natives={LINUX=natives-linux, OSX=natives-osx, WINDOWS=natives-windows}, extract=net.minecraft.launcher.versions.ExtractRules@2d8d7bce, packed='null'}, Library{name='com.mojang:text2speech:1.10.3', rules=null, natives=null, extract=null, packed='null'}, Library{name='com.mojang:text2speech:1.10.3', rules=null, natives={LINUX=natives-linux, WINDOWS=natives-windows}, extract=net.minecraft.launcher.versions.ExtractRules@638cd90b, packed='null'}, Library{name='ca.weblite:java-objc-bridge:1.0.0', rules=[Rule{action=ALLOW, os=OSRestriction{name=OSX, version='null'}, features=null}], natives={OSX=natives-osx}, extract=net.minecraft.launcher.versions.ExtractRules@844aa8, packed='null'}, Library{name='ca.weblite:java-objc-bridge:1.0.0', rules=[Rule{action=ALLOW, os=OSRestriction{name=OSX, version='null'}, features=null}], natives=null, extract=null, packed='null'}]},
remote=PartialVersion{id='ForgeOptiFine 1.12.2', time=Mon Dec 13 17:15:32 IRKT 2021, release=Mon Sep 18 09:39:52 IRKT 2017, type=modified, source=SKIN_VERSION_REPO, list=net.minecraft.launcher.updater.SkinVersionList@409cbfbd}, isInstalled=true, hasRemote=true, isUpToDate=true}
[Launcher] Checking conditions...
[Launcher] Comparing assets...
[AssetsManager] Checking resources...
[AssetsManager] Reading indexes from file D:\assets\indexes\1.12.json
[AssetsManager] Fast comparing: true
[Launcher] finished comparing assets: 12 ms.
[TLauncherManager] add required libraries: ForgeOptiFine 1.12.2
[VersionManager] Required for version ForgeOptiFine 1.12.2: []
[TLauncherManager] add required libraries: ForgeOptiFine 1.12.2
used default java runtime
Minecraft requires java version: 8, java path: D:\runtime\jre-legacy\windows\jre-legacy\bin\javaw.exe
library will be replaced: com.mojang:authlib:1.5.25 -> org.tlauncher:authlib:1.6.251
library will be replaced: com.mojang:patchy:1.3.9 -> org.tlauncher:patchy:1.3.9
[Launcher] Unpacking natives...
[Launcher] Constructing process...
[Launcher] Constructing classpath...
backup world is active: true
[Launcher] Getting Minecraft arguments...
[Launcher] Full command: D:\runtime\jre-legacy\windows\jre-legacy\bin\javaw.exe -Dos.name=Windows 10 -Dos.version=10.0 -Djava.library.path=D:\versions\ForgeOptiFine 1.12.2\natives -cp D:\libraries\net\minecraftforge\forge\1.12.2-14.23.5.2860\forge-1.12.2-14.23.5.2860.jar;D:\libraries\org\ow2\asm\asm-debug-all\5.2\asm-debug-all-5.2.jar;D:\libraries\net\minecraft\launchwrapper\1.12\launchwrapper-1.12.jar;D:\libraries\org\jline\jline\3.5.1\jline-3.5.1.jar;D:\libraries\com\typesafe\akka\akka-actor_2.11\2.3.3\akka-actor_2.11-2.3.3.jar;D:\libraries\com\typesafe\config\1.2.1\config-1.2.1.jar;D:\libraries\org\scala-lang\scala-actors-migration_2.11\1.1.0\scala-actors-migration_2.11-1.1.0.jar;D:\libraries\org\scala-lang\scala-compiler\2.11.1\scala-compiler-2.11.1.jar;D:\libraries\org\scala-lang\plugins\scala-continuations-library_2.11\1.0.2_mc\scala-continuations-library_2.11-1.0.2_mc.jar;D:\libraries\org\scala-lang\plugins\scala-continuations-plugin_2.11.1\1.0.2_mc\scala-continuations-plugin_2.11.1-1.0.2_mc.jar;D:\libraries\org\scala-lang\scala-library\2.11.1\scala-library-2.11.1.jar;D:\libraries\org\scala-lang\scala-parser-combinators_2.11\1.0.1\scala-parser-combinators_2.11-1.0.1.jar;D:\libraries\org\scala-lang\scala-reflect\2.11.1\scala-reflect-2.11.1.jar;D:\libraries\org\scala-lang\scala-swing_2.11\1.0.1\scala-swing_2.11-1.0.1.jar;D:\libraries\org\scala-lang\scala-xml_2.11\1.0.2\scala-xml_2.11-1.0.2.jar;D:\libraries\lzma\lzma\0.0.1\lzma-0.0.1.jar;D:\libraries\java3d\vecmath\1.5.2\vecmath-1.5.2.jar;D:\libraries\net\sf\trove4j\trove4j\3.0.3\trove4j-3.0.3.jar;D:\libraries\org\apache\maven\maven-artifact\3.5.3\maven-artifact-3.5.3.jar;D:\libraries\net\sf\jopt-simple\jopt-simple\5.0.3\jopt-simple-5.0.3.jar;D:\libraries\org\apache\logging\log4j\log4j-api\2.15.0\log4j-api-2.15.0.jar;D:\libraries\org\apache\logging\log4j\log4j-core\2.15.0\log4j-core-2.15.0.jar;D:\libraries\org\tlauncher\patchy\1.3.9\patchy-1.3.9.jar;D:\libraries\oshi-project\oshi-core\1.1\oshi-core-1.1.jar;D:\libraries\net\java\dev\jna\jna\4.4.0\jna-4.4.0.jar;D:\libraries\net\java\dev\jna\platform\3.4.0\platform-3.4.0.jar;D:\libraries\com\ibm\icu\icu4j-core-mojang\51.2\icu4j-core-mojang-51.2.jar;D:\libraries\net\sf\jopt-simple\jopt-simple\5.0.3\jopt-simple-5.0.3.jar;D:\libraries\com\paulscode\codecjorbis\20101023\codecjorbis-20101023.jar;D:\libraries\com\paulscode\codecwav\20101023\codecwav-20101023.jar;D:\libraries\com\paulscode\libraryjavasound\20101123\libraryjavasound-20101123.jar;D:\libraries\com\paulscode\librarylwjglopenal\20100824\librarylwjglopenal-20100824.jar;D:\libraries\com\paulscode\soundsystem\20120107\soundsystem-20120107.jar;D:\libraries\io\netty\netty-all\4.1.9.Final\netty-all-4.1.9.Final.jar;D:\libraries\com\google\guava\guava\21.0\guava-21.0.jar;D:\libraries\org\apache\commons\commons-lang3\3.5\commons-lang3-3.5.jar;D:\libraries\commons-io\commons-io\2.5\commons-io-2.5.jar;D:\libraries\commons-codec\commons-codec\1.10\commons-codec-1.10.jar;D:\libraries\net\java\jinput\jinput\2.0.5\jinput-2.0.5.jar;D:\libraries\net\java\jutils\jutils\1.0.0\jutils-1.0.0.jar;D:\libraries\com\google\code\gson\gson\2.8.0\gson-2.8.0.jar;D:\libraries\org\tlauncher\authlib\1.6.251\authlib-1.6.251.jar;D:\libraries\com\mojang\realms\1.10.22\realms-1.10.22.jar;D:\libraries\org\apache\commons\commons-compress\1.8.1\commons-compress-1.8.1.jar;D:\libraries\org\apache\httpcomponents\httpclient\4.3.3\httpclient-4.3.3.jar;D:\libraries\commons-logging\commons-logging\1.1.3\commons-logging-1.1.3.jar;D:\libraries\org\apache\httpcomponents\httpcore\4.3.2\httpcore-4.3.2.jar;D:\libraries\it\unimi\dsi\fastutil\7.1.0\fastutil-7.1.0.jar;D:\libraries\org\apache\logging\log4j\log4j-api\2.8.1\log4j-api-2.8.1.jar;D:\libraries\org\apache\logging\log4j\log4j-core\2.8.1\log4j-core-2.8.1.jar;D:\libraries\org\lwjgl\lwjgl\lwjgl\2.9.4-nightly-20150209\lwjgl-2.9.4-nightly-20150209.jar;D:\libraries\org\lwjgl\lwjgl\lwjgl_util\2.9.4-nightly-20150209\lwjgl_util-2.9.4-nightly-20150209.jar;D:\libraries\com\mojang\text2speech\1.10.3\text2speech-1.10.3.jar;D:\versions\ForgeOptiFine 1.12.2\ForgeOptiFine 1.12.2.jar -Xmx3000M -XX:+UnlockExperimentalVMOptions -XX:+UseG1GC -XX:G1NewSizePercent=20 -XX:G1ReservePercent=20 -XX:MaxGCPauseMillis=50 -XX:G1HeapRegionSize=32M -Dfml.ignoreInvalidMinecraftCertificates=true -Dfml.ignorePatchDiscrepancies=true -Djava.net.preferIPv4Stack=true -Dminecraft.applet.TargetDirectory=D:\ -Dlog4j.configurationFile=D:\assets\log_configs\client-1.12.xml net.minecraft.launchwrapper.Launch --username bloogas --version ForgeOptiFine 1.12.2 --gameDir D:\ --assetsDir D:\assets --assetIndex 1.12 --uuid bf40118e-635f-11ee-a9a3-f02f74958d22 --accessToken null --userType mojang --tweakClass net.minecraftforge.fml.common.launcher.FMLTweaker --versionType Forge --width 925 --height 530
[Launcher] Launching Minecraft...
I'm hiding!
[TLauncherManager] mods after D:\mods\Baubles-1.12-1.5.2.jar D:\mods\BetterFps-1.4.8.jar D:\mods\BrandonsCore-1.12.2-2.4.20.162-universal.jar D:\mods\CodeChickenLib-1.12.2-3.2.3.358-universal.jar D:\mods\DoggyTalents-1.12.2-1.15.1.6.jar D:\mods\Draconic-Evolution-1.12.2-2.3.28.354-universal.jar D:\mods\forbidden_arcanus-1.12.2-1.1.4.jar D:\mods\geckolib-forge-1.12.2-3.0.31.jar D:\mods\GrimoireOfGaia3-1.12.2-1.7.2.jar D:\mods\iceandfire-1.9.1-1.12.2.jar D:\mods\industrialcraft-2-2.8.222-ex112.jar D:\mods\jei_1.12.2-4.16.1.1001.jar D:\mods\llibrary-1.7.20-1.12.2.jar D:\mods\mowziesmobs-1.5.8.jar D:\mods\OptiFine-1.12.2_HD_U_G5.jar D:\mods\OptiFine-OptiFine-1.12.2_HD_U_G5.jar D:\mods\ore-spawn-mod-1_12_2.jar D:\mods\particleculling-1.12.2-v1.4.1.jar D:\mods\RedstoneFlux-1.12-2.1.1.1-universal.jar D:\mods\Surge-1.12.2-2.0.79.jar D:\mods\Thaumcraft-1.12.2-6.1.BETA26.jar D:\mods\tlskincape_1.12.2-1.4.jar D:\mods\twilightforest_1.12.2_3.11.1021_universal.jar D:\mods\_MixinBootstrap-1.1.0.jar
[InnerMinecraftServersImpl]  search changers of the servers
read servers from servers.dat []
[InnerMinecraftServersImpl]  prepare inner servers
save servers to servers.dat
[Launcher] Game skin type: TLAUNCHER
[Launcher] Starting Minecraft ForgeOptiFine 1.12.2...
[Launcher] Launching in: D:\
Starting garbage collector: 159 / 444 MB
Garbage collector completed: 44 / 422 MB
[Launcher] Processing post-launch actions. Assist launch: true
===============================================================================================
[22:28:74] [main/INFO]: Loading tweak class name net.minecraftforge.fml.common.launcher.FMLTweaker
[22:28:77] [main/INFO]: Using primary tweak class name net.minecraftforge.fml.common.launcher.FMLTweaker
[22:28:77] [main/INFO]: Calling tweak class net.minecraftforge.fml.common.launcher.FMLTweaker
[22:28:78] [main/INFO]: Forge Mod Loader version 14.23.5.2860 for Minecraft 1.12.2 loading
[22:28:78] [main/INFO]: Java is Java HotSpot(TM) 64-Bit Server VM, version 1.8.0_51, running on Windows 10:amd64:10.0, installed at D:\runtime\jre-legacy\windows\jre-legacy
[22:28:85] [main/INFO]: Searching D:\mods for mods
[22:28:85] [main/INFO]: Loading tweaker org.spongepowered.asm.launch.MixinTweaker from _MixinBootstrap-1.1.0.jar
[22:28:85] [main/INFO]: Loading tweaker guichaguri.betterfps.tweaker.BetterFpsTweaker from BetterFps-1.4.8.jar
[22:28:86] [main/WARN]: Found FMLCorePluginContainsFMLMod marker in iceandfire-1.9.1-1.12.2.jar. This is not recommended, @Mods should be in a separate jar from the coremod.
[22:28:86] [main/WARN]: The coremod iceandfire (com.github.alexthe666.iceandfire.asm.IceAndFirePlugin) is not signed!
[22:28:87] [main/INFO]: Loading tweaker optifine.OptiFineForgeTweaker from OptiFine-1.12.2_HD_U_G5.jar
[22:28:87] [main/INFO]: Loading tweaker optifine.OptiFineForgeTweaker from OptiFine-OptiFine-1.12.2_HD_U_G5.jar
[22:28:87] [main/INFO]: Loading tweaker org.spongepowered.asm.launch.MixinTweaker from particleculling-1.12.2-v1.4.1.jar
[22:28:88] [main/INFO]: Loading tweaker org.spongepowered.asm.launch.MixinTweaker from Surge-1.12.2-2.0.79.jar
[22:28:88] [main/WARN]: Found FMLCorePluginContainsFMLMod marker in tlskincape_1.12.2-1.4.jar. This is not recommended, @Mods should be in a separate jar from the coremod.
2023-10-19 22:28:28,905 main WARN Error parsing URI D:\assets\log_configs\client-1.12.xml
[22:28:91] [main/INFO]: Loading tweak class name net.minecraftforge.fml.common.launcher.FMLInjectionAndSortingTweaker
[22:28:91] [main/INFO]: Loading tweak class name org.spongepowered.asm.launch.MixinTweaker
[22:28:93] [main/INFO]: SpongePowered MIXIN Subsystem Version=0.8.4 Source=file:/D:/mods/_MixinBootstrap-1.1.0.jar Service=LaunchWrapper Env=CLIENT
[22:28:02] [main/DEBUG]: Instantiating coremod class ParticleCullingLoadingPlugin
[22:28:03] [main/DEBUG]: The coremod bl4ckscor3.mod.particleculling.ParticleCullingLoadingPlugin requested minecraft version 1.12.2 and minecraft is 1.12.2. It will be loaded.
[22:28:03] [main/WARN]: The coremod ParticleCullingLoadingPlugin (bl4ckscor3.mod.particleculling.ParticleCullingLoadingPlugin) is not signed!
[22:28:03] [main/INFO]: Compatibility level set to JAVA_8
[22:28:03] [main/DEBUG]: Enqueued coremod ParticleCullingLoadingPlugin
[22:28:03] [main/DEBUG]: Instantiating coremod class SurgeLoadingPlugin
[22:28:04] [main/DEBUG]: The coremod net.darkhax.surge.core.SurgeLoadingPlugin requested minecraft version 1.12.2 and minecraft is 1.12.2. It will be loaded.
[22:28:04] [main/DEBUG]: Found signing certificates for coremod SurgeLoadingPlugin (net.darkhax.surge.core.SurgeLoadingPlugin)
[22:28:04] [main/DEBUG]: Found certificate d476d1b22b218a10d845928d1665d45fce301b27
[22:28:07] [main/DEBUG]: Enqueued coremod SurgeLoadingPlugin
[22:28:07] [main/INFO]: Loading tweak class name guichaguri.betterfps.tweaker.BetterFpsTweaker
[22:28:07] [main/INFO]: Loading tweak class name optifine.OptiFineForgeTweaker
[22:28:07] [main/WARN]: Tweak class name optifine.OptiFineForgeTweaker has already been visited -- skipping
[22:28:07] [main/WARN]: Tweak class name org.spongepowered.asm.launch.MixinTweaker has already been visited -- skipping
[22:28:07] [main/WARN]: Tweak class name org.spongepowered.asm.launch.MixinTweaker has already been visited -- skipping
[22:28:07] [main/INFO]: Loading tweak class name net.minecraftforge.fml.common.launcher.FMLDeobfTweaker
[22:28:07] [main/INFO]: Calling tweak class net.minecraftforge.fml.common.launcher.FMLInjectionAndSortingTweaker
[22:28:07] [main/INFO]: Calling tweak class net.minecraftforge.fml.common.launcher.FMLInjectionAndSortingTweaker
[22:28:07] [main/INFO]: Calling tweak class optifine.OptiFineForgeTweaker
[22:28:07] [main/INFO]: [optifine.OptiFineForgeTweaker:dbg:56]: OptiFineForgeTweaker: acceptOptions
[22:28:07] [main/INFO]: [optifine.OptiFineForgeTweaker:dbg:56]: OptiFineForgeTweaker: injectIntoClassLoader
[22:28:07] [main/INFO]: [optifine.OptiFineClassTransformer:dbg:242]: OptiFine ClassTransformer
[22:28:07] [main/INFO]: [optifine.OptiFineClassTransformer:dbg:242]: OptiFine ZIP file: D:\mods\OptiFine-1.12.2_HD_U_G5.jar
[22:28:07] [main/INFO]: Calling tweak class net.minecraftforge.fml.relauncher.CoreModManager$FMLPluginWrapper
[22:28:07] [main/DEBUG]: Injecting coremod FMLCorePlugin \{net.minecraftforge.fml.relauncher.FMLCorePlugin\} class transformers
[22:28:07] [main/TRACE]: Registering transformer net.minecraftforge.fml.common.asm.transformers.SideTransformer
[22:28:09] [main/TRACE]: Registering transformer net.minecraftforge.fml.common.asm.transformers.EventSubscriptionTransformer
[22:28:09] [main/TRACE]: Registering transformer net.minecraftforge.fml.common.asm.transformers.EventSubscriberTransformer
[22:28:10] [main/TRACE]: Registering transformer net.minecraftforge.fml.common.asm.transformers.SoundEngineFixTransformer
[22:28:10] [main/DEBUG]: Injection complete
[22:28:10] [main/DEBUG]: Running coremod plugin for FMLCorePlugin \{net.minecraftforge.fml.relauncher.FMLCorePlugin\}
[22:28:10] [main/DEBUG]: Running coremod plugin FMLCorePlugin
[22:28:03] [main/INFO]: Found valid fingerprint for Minecraft Forge. Certificate fingerprint e3c3d50c7c986df74c645c0ac54639741c90a557
[22:28:06] [main/INFO]: Found valid fingerprint for Minecraft. Certificate fingerprint cd99959656f753dc28d863b46769f7f8fbaefcfc
[22:28:06] [main/DEBUG]: Coremod plugin class FMLCorePlugin run successfully
[22:28:06] [main/INFO]: Calling tweak class net.minecraftforge.fml.relauncher.CoreModManager$FMLPluginWrapper
[22:28:06] [main/DEBUG]: Injecting coremod FMLForgePlugin \{net.minecraftforge.classloading.FMLForgePlugin\} class transformers
[22:28:06] [main/DEBUG]: Injection complete
[22:28:06] [main/DEBUG]: Running coremod plugin for FMLForgePlugin \{net.minecraftforge.classloading.FMLForgePlugin\}
[22:28:06] [main/DEBUG]: Running coremod plugin FMLForgePlugin
[22:28:06] [main/DEBUG]: Coremod plugin class FMLForgePlugin run successfully
[22:28:06] [main/INFO]: Calling tweak class net.minecraftforge.fml.relauncher.CoreModManager$FMLPluginWrapper
[22:28:06] [main/DEBUG]: Injecting coremod TLSkinCapeHookLoader \{org.tlauncher.skin.cape.asm.TLSkinCapeHookLoader\} class transformers
[22:28:06] [main/TRACE]: Registering transformer gloomyfolken.hooklib.minecraft.PrimaryClassTransformer
[22:28:07] [main/INFO]: [gloomyfolken.hooklib.asm.HookLogger$SystemOutLogger:debug:20]: [DEBUG] Parsing hooks container gloomyfolken.hooklib.minecraft.SecondaryTransformerHook
[22:28:07] [main/INFO]: [HOOKLIB]  Obfuscated: true
[22:28:08] [main/DEBUG]: Injection complete
[22:28:08] [main/DEBUG]: Running coremod plugin for TLSkinCapeHookLoader \{org.tlauncher.skin.cape.asm.TLSkinCapeHookLoader\}
[22:28:08] [main/DEBUG]: Running coremod plugin TLSkinCapeHookLoader
[22:28:08] [main/INFO]: [gloomyfolken.hooklib.asm.HookLogger$SystemOutLogger:debug:20]: [DEBUG] Parsing hooks container org.tlauncher.skin.cape.asm.TLSkinCapeHooks
[22:28:08] [main/DEBUG]: Coremod plugin class TLSkinCapeHookLoader run successfully
[22:28:08] [main/INFO]: Calling tweak class org.spongepowered.asm.launch.MixinTweaker
[22:28:09] [main/INFO]: Initialised Mixin FML Remapper Adapter with net.minecraftforge.fml.common.asm.transformers.deobf.FMLDeobfuscatingRemapper@42210be1
[22:28:09] [main/DEBUG]: Injecting coremod ParticleCullingLoadingPlugin \{bl4ckscor3.mod.particleculling.ParticleCullingLoadingPlugin\} class transformers
[22:28:09] [main/DEBUG]: Injection complete
[22:28:09] [main/DEBUG]: Running coremod plugin for ParticleCullingLoadingPlugin \{bl4ckscor3.mod.particleculling.ParticleCullingLoadingPlugin\}
[22:28:09] [main/DEBUG]: Running coremod plugin ParticleCullingLoadingPlugin
[22:28:09] [main/DEBUG]: Coremod plugin class ParticleCullingLoadingPlugin run successfully
[22:28:09] [main/DEBUG]: Injecting coremod SurgeLoadingPlugin \{net.darkhax.surge.core.SurgeLoadingPlugin\} class transformers
[22:28:09] [main/DEBUG]: Injection complete
[22:28:09] [main/DEBUG]: Running coremod plugin for SurgeLoadingPlugin \{net.darkhax.surge.core.SurgeLoadingPlugin\}
[22:28:09] [main/DEBUG]: Running coremod plugin SurgeLoadingPlugin
[22:28:09] [main/DEBUG]: Coremod plugin class SurgeLoadingPlugin run successfully
[22:28:09] [main/INFO]: Calling tweak class guichaguri.betterfps.tweaker.BetterFpsTweaker
[22:28:09] [main/INFO]: Calling tweak class net.minecraftforge.fml.common.launcher.FMLDeobfTweaker
[22:28:10] [main/DEBUG]: Validating minecraft
[22:28:11] [main/INFO]: [gloomyfolken.hooklib.asm.HookLogger$SystemOutLogger:debug:20]: [DEBUG] Injecting hooks into class net.minecraftforge.fml.common.Loader
[22:28:13] [main/INFO]: [gloomyfolken.hooklib.asm.HookLogger$SystemOutLogger:debug:20]: [DEBUG] Patching method net.minecraftforge.fml.common.Loader#injectData([Ljava/lang/Object;)
[22:28:18] [main/INFO]: [gloomyfolken.hooklib.asm.HookLogger$SystemOutLogger:debug:20]: [DEBUG] Methods dictionary loaded in 4 ms
[22:28:26] [main/INFO]: Calling tweak class net.minecraftforge.fml.relauncher.CoreModManager$FMLPluginWrapper
[22:28:31] [main/INFO]: Calling tweak class net.minecraftforge.fml.relauncher.CoreModManager$FMLPluginWrapper
[22:28:31] [main/INFO]: Loading tweak class name net.minecraftforge.fml.common.launcher.TerminalTweaker
[22:28:31] [main/INFO]: Loading tweak class name org.spongepowered.asm.mixin.EnvironmentStateTweaker
[22:28:31] [main/INFO]: Calling tweak class net.minecraftforge.fml.common.launcher.TerminalTweaker
[22:28:31] [main/INFO]: Calling tweak class org.spongepowered.asm.mixin.EnvironmentStateTweaker
[22:28:32] [main/INFO]: [optifine.OptiFineForgeTweaker:dbg:56]: OptiFineForgeTweaker: getLaunchArguments
[22:28:46] [main/INFO]: Launching wrapped minecraft {net.minecraft.client.main.Main}
[22:28:49] [main/INFO]: Patching net.minecraft.client.Minecraft... (bib)
[22:28:63] [main/INFO]: Patching net.minecraft.client.entity.EntityPlayerSP... (bud)
[22:28:64] [main/INFO]: [gloomyfolken.hooklib.asm.HookLogger$SystemOutLogger:debug:20]: [DEBUG] Injecting hooks into class net.minecraft.client.entity.AbstractClientPlayer
[22:28:64] [main/INFO]: [gloomyfolken.hooklib.asm.HookLogger$SystemOutLogger:debug:20]: [DEBUG] Patching method net.minecraft.client.entity.AbstractClientPlayer#getLocationSkin()Lnet/minecraft/util/ResourceLocation;
[22:28:64] [main/INFO]: [gloomyfolken.hooklib.asm.HookLogger$SystemOutLogger:debug:20]: [DEBUG] Patching method net.minecraft.client.entity.AbstractClientPlayer#getLocationCape()Lnet/minecraft/util/ResourceLocation;
[22:28:64] [main/INFO]: [gloomyfolken.hooklib.asm.HookLogger$SystemOutLogger:debug:20]: [DEBUG] Patching method net.minecraft.client.entity.AbstractClientPlayer#getSkinType()
[22:28:65] [main/INFO]: [gloomyfolken.hooklib.asm.HookLogger$SystemOutLogger:debug:20]: [DEBUG] Injecting hooks into class net.minecraft.entity.player.EntityPlayer
[22:28:68] [main/INFO]: [gloomyfolken.hooklib.asm.HookLogger$SystemOutLogger:debug:20]: [DEBUG] Patching method net.minecraft.entity.player.EntityPlayer#isWearing(Lnet/minecraft/entity/player/EnumPlayerModelParts;)
[22:28:97] [Client thread/INFO]: Environment: authHost='https://authserver.mojang.com', accountsHost='https://api.mojang.com', sessionHost='https://sessionserver.mojang.com', name='PROD'
[22:28:98] [Client thread/INFO]: Setting user: bloogas
[22:28:01] [Client thread/INFO]: [gloomyfolken.hooklib.asm.HookLogger$SystemOutLogger:debug:20]: [DEBUG] Injecting hooks into class net.minecraftforge.fml.common.Loader
[22:28:05] [Client thread/INFO]: Patching net.minecraft.block.Block... (aow)
[22:28:36] [Client thread/INFO]: Patching math utils with "RIVENS_HALF" algorithm
[22:28:76] [Client thread/INFO]: Patching net.minecraft.tileentity.TileEntityBeacon... (avh)
[22:28:81] [Client thread/INFO]: Patching net.minecraft.block.BlockHopper... (arl)
[22:28:81] [Client thread/INFO]: Patching net.minecraft.tileentity.TileEntityHopper... (avw)
[22:28:83] [Client thread/INFO]: [OptiFine] *** Reflector Forge ***
[22:28:83] [Client thread/INFO]: Patching net.minecraft.client.renderer.EntityRenderer... (buq)
[22:28:87] [Client thread/INFO]: [OptiFine] *** Reflector Vanilla ***
[22:28:89] [BetterFps Update Checker/WARN]: Could not check for updates: widget.mcf.li
[22:28:94] [Client thread/WARN]: Skipping bad option: lastServer:
[22:28:96] [Client thread/INFO]: LWJGL Version: 2.9.4
[22:28:11] [Client thread/INFO]: [OptiFine] 
[22:28:11] [Client thread/INFO]: [OptiFine] OptiFine_1.12.2_HD_U_G5
[22:28:11] [Client thread/INFO]: [OptiFine] Build: 20210124-142939
[22:28:11] [Client thread/INFO]: [OptiFine] OS: Windows 10 (amd64) version 10.0
[22:28:11] [Client thread/INFO]: [OptiFine] Java: 1.8.0_51, Oracle Corporation
[22:28:11] [Client thread/INFO]: [OptiFine] VM: Java HotSpot(TM) 64-Bit Server VM (mixed mode), Oracle Corporation
[22:28:11] [Client thread/INFO]: [OptiFine] LWJGL: 2.9.4
[22:28:11] [Client thread/INFO]: [OptiFine] OpenGL: NVIDIA GeForce RTX 3060/PCIe/SSE2, version 4.6.0 NVIDIA 536.40, NVIDIA Corporation
[22:28:11] [Client thread/INFO]: [OptiFine] OpenGL Version: 4.6.0
[22:28:13] [Client thread/INFO]: [OptiFine] Maximum texture size: 32768x32768
[22:28:13] [VersionCheck/INFO]: [OptiFine] Checking for new version
[22:28:17] [Client thread/INFO]: [Shaders] OpenGL Version: 4.6.0 NVIDIA 536.40
[22:28:17] [Client thread/INFO]: [Shaders] Vendor:  NVIDIA Corporation
[22:28:17] [Client thread/INFO]: [Shaders] Renderer: NVIDIA GeForce RTX 3060/PCIe/SSE2
[22:28:17] [Client thread/INFO]: [Shaders] Capabilities:  2.0  2.1  3.0  3.2  4.0 
[22:28:17] [Client thread/INFO]: [Shaders] GL_MAX_DRAW_BUFFERS: 8
[22:28:17] [Client thread/INFO]: [Shaders] GL_MAX_COLOR_ATTACHMENTS_EXT: 8
[22:28:17] [Client thread/INFO]: [Shaders] GL_MAX_TEXTURE_IMAGE_UNITS: 32
[22:28:17] [Client thread/INFO]: [Shaders] Load shaders configuration.
[22:28:17] [Client thread/INFO]: [Shaders] Save shaders configuration.
[22:28:17] [Client thread/INFO]: [Shaders] No shaderpack loaded.
[22:28:19] [Client thread/INFO]: [OptiFine] [Shaders] Delayed loading of block mappings after resources are loaded
[22:28:19] [Client thread/INFO]: [OptiFine] [Shaders] Delayed loading of item mappings after resources are loaded
[22:28:19] [Client thread/INFO]: [OptiFine] [Shaders] Delayed loading of entity mappings after resources are loaded
[22:28:33] [Client thread/WARN]: Unable to call Core API! It has not been initialized yet!
[22:28:33] [Client thread/WARN]: Unable to call Core API! It has not been initialized yet!
[22:28:37] [Client thread/INFO]: Forge Mod Loader has detected optifine OptiFine_1.12.2_HD_U_G5, enabling compatibility features
[22:28:40] [Client thread/INFO]: -- System Details --
Details:
	Minecraft Version: 1.12.2
	Operating System: Windows 10 (amd64) version 10.0
	Java Version: 1.8.0_51, Oracle Corporation
	Java VM Version: Java HotSpot(TM) 64-Bit Server VM (mixed mode), Oracle Corporation
	Memory: 870855656 bytes (830 MB) / 1073741824 bytes (1024 MB) up to 3154116608 bytes (3008 MB)
	JVM Flags: 7 total; -Xmx3000M -XX:+UnlockExperimentalVMOptions -XX:+UseG1GC -XX:G1NewSizePercent=20 -XX:G1ReservePercent=20 -XX:MaxGCPauseMillis=50 -XX:G1HeapRegionSize=32M
	IntCache: cache: 0, tcache: 0, allocated: 0, tallocated: 0
	FML: 
	Loaded coremods (and transformers): 
llibrary (llibrary-core-1.0.11-1.12.2.jar)
  net.ilexiconn.llibrary.server.core.plugin.LLibraryTransformer
  net.ilexiconn.llibrary.server.core.patcher.LLibraryRuntimePatcher
ParticleCullingLoadingPlugin (particleculling-1.12.2-v1.4.1.jar)
  
iceandfire (iceandfire-1.9.1-1.12.2.jar)
  com.github.alexthe666.iceandfire.patcher.IceAndFireRuntimePatcher
SurgeLoadingPlugin (Surge-1.12.2-2.0.79.jar)
  
TLSkinCapeHookLoader (tlskincape_1.12.2-1.4.jar)
  gloomyfolken.hooklib.minecraft.PrimaryClassTransformer
	GL info: ' Vendor: 'NVIDIA Corporation' Version: '4.6.0 NVIDIA 536.40' Renderer: 'NVIDIA GeForce RTX 3060/PCIe/SSE2'
[22:28:41] [Client thread/INFO]: MinecraftForge v14.23.5.2860 Initialized
[22:28:42] [Client thread/INFO]: Starts to replace vanilla recipe ingredients with ore ingredients.
[22:28:43] [Client thread/INFO]: Invalid recipe found with multiple oredict ingredients in the same ingredient...
[22:28:44] [Client thread/INFO]: Replaced 1227 ore ingredients
[22:28:49] [VersionCheck/INFO]: [OptiFine] Version found: G5
[22:28:55] [Client thread/INFO]: Searching D:\mods for mods
[22:28:90] [Client thread/WARN]: Mod codechickenlib is missing the required element 'version' and a version.properties file could not be found. Falling back to metadata version 3.2.3.358
[22:28:93] [Client thread/WARN]: Mod doggytalents is missing the required element 'version' and a version.properties file could not be found. Falling back to metadata version 1.15.1.6
[22:28:48] [Client thread/INFO]: Forge Mod Loader has identified 24 mods to load
[22:28:68] [Client thread/INFO]: Attempting connection with missing mods [minecraft, mcp, FML, forge, baubles, brandonscore, codechickenlib, doggytalents, draconicevolution, forbidden_arcanus, geckolib3, grimoireofgaia, iceandfire, ic2, jei, mowziesmobs, orespawn, particleculling, redstoneflux, surge, thaumcraft, tlauncher_custom_cape_skin, twilightforest, llibrary] at CLIENT
[22:28:68] [Client thread/INFO]: Attempting connection with missing mods [minecraft, mcp, FML, forge, baubles, brandonscore, codechickenlib, doggytalents, draconicevolution, forbidden_arcanus, geckolib3, grimoireofgaia, iceandfire, ic2, jei, mowziesmobs, orespawn, particleculling, redstoneflux, surge, thaumcraft, tlauncher_custom_cape_skin, twilightforest, llibrary] at SERVER
[22:28:96] [Client thread/ERROR]: The mod redstoneflux is expecting signature 8a6abf2cb9e141b866580d369ba6548732eff25f for source RedstoneFlux-1.12-2.1.1.1-universal.jar, however there is no signature matching that description
[22:28:97] [Client thread/INFO]: Brandon's Core online! Waiting for Draconic Evolution to join the party....
[22:28:97] [Client thread/INFO]: Draconic Evolution online!
[22:28:97] [Client thread/INFO]: Hay! There you are! Now lets destroy some worlds!!
[22:28:97] [Client thread/INFO]: Sounds like fun! Lets get to it!
[22:28:03] [Client thread/INFO]: Hello Minecraft!!!
[22:28:52] [Thread-3/INFO]: Using sync timing. 200 frames of Display.update took 116383900 nanos
[22:28:19] [Client thread/INFO]: Reloading ResourceManager: BetterFps, Default, FMLFileResourcePack:Forge Mod Loader, FMLFileResourcePack:Minecraft Forge, FMLFileResourcePack:Baubles, FMLFileResourcePack:Brandon's Core, FMLFileResourcePack:CodeChicken Lib, FMLFileResourcePack:Doggy Talents, FMLFileResourcePack:Draconic Evolution, FMLFileResourcePack:Forbidden & Arcanus, FMLFileResourcePack:GeckoLib, FMLFileResourcePack:Grimoire of Gaia 3, FMLFileResourcePack:Ice and Fire, FMLFileResourcePack:IndustrialCraft 2, FMLFileResourcePack:Just Enough Items, FMLFileResourcePack:Mowzie's Mobs, FMLFileResourcePack:OreSpawn, FMLFileResourcePack:Particle Culling, FMLFileResourcePack:Redstone Flux, FMLFileResourcePack:Surge, FMLFileResourcePack:Thaumcraft, FMLFileResourcePack:TLSkinCape, FMLFileResourcePack:The Twilight Forest, FMLFileResourcePack:LLibrary
[22:28:20] [Client thread/WARN]: ResourcePack: ignored non-lowercase namespace: META-INF in D:\mods\iceandfire-1.9.1-1.12.2.jar
[22:28:20] [Client thread/WARN]: ResourcePack: ignored non-lowercase namespace: META-INF in D:\mods\iceandfire-1.9.1-1.12.2.jar
[22:28:27] [Client thread/INFO]: Processing ObjectHolder annotations
[22:28:43] [Client thread/INFO]: Found 2580 ObjectHolder annotations
[22:28:43] [Client thread/INFO]: Identifying ItemStackHolder annotations
[22:28:43] [Client thread/INFO]: Found 0 ItemStackHolder annotations
[22:28:46] [Client thread/INFO]: Configured a dormant chunk cache size of 0
[22:28:47] [Forge Version Check/INFO]: [codechickenlib] Starting version check at http://chickenbones.net/Files/notification/version.php?query=forge&version=1.12&file=CodeChickenLib
[22:28:71] [Client thread/INFO]: Found mod feature container for mod: draconicevolution
[22:28:72] [Client thread/INFO]: Found mod config container for mod: brandonscore
[22:28:72] [Client thread/INFO]: Found mod config container for mod: draconicevolution
[22:28:73] [Client thread/INFO]: Found mod config container for mod: draconicevolution
[22:28:73] [Client thread/INFO]: Loading mod config for: draconicevolution
[22:28:73] [Client thread/INFO]: Loading mod config for: brandonscore
[22:28:73] [Client thread/WARN]: No features were detected for mod: brandonscore. This maybe an issue or maybe this mod just does not have any items or blocks.
[22:28:81] [Client thread/INFO]: Registering features for mod: draconicevolution
[22:28:82] [Client thread/INFO]: Registering feature renderers for mod: draconicevolution
[22:28:99] [Client thread/INFO]: Finished PreInitialization
[22:28:99] [Client thread/INFO]: OBJLoader: Domain draconicevolution has been added.
[22:28:03] [Client thread/INFO]: Downloading Project Intelligence Mod Manifest...
[22:28:25] [Forge Version Check/INFO]: [codechickenlib] Found status: BETA Target: null
[22:28:25] [Forge Version Check/INFO]: [twilightforest] Starting version check at https://raw.githubusercontent.com/TeamTwilight/twilightforest/1.12.x/update.json
[22:28:28] [Client thread/INFO]: TabulaModelHandler: Domain llibrary has been added.
[22:28:39] [Client thread/WARN]: Potentially Dangerous alternative prefix `minecraft` for name `lectern`, expected `iceandfire`. This could be a intended override, but in most cases indicates a broken mod.
[22:28:40] [Client thread/WARN]: Potentially Dangerous alternative prefix `minecraft` for name `podium`, expected `iceandfire`. This could be a intended override, but in most cases indicates a broken mod.
[22:28:40] [Client thread/WARN]: Potentially Dangerous alternative prefix `minecraft` for name `egginice`, expected `iceandfire`. This could be a intended override, but in most cases indicates a broken mod.
[22:28:40] [Client thread/WARN]: Potentially Dangerous alternative prefix `minecraft` for name `pixie_house`, expected `iceandfire`. This could be a intended override, but in most cases indicates a broken mod.
[22:28:41] [Client thread/WARN]: Potentially Dangerous alternative prefix `minecraft` for name `jar`, expected `iceandfire`. This could be a intended override, but in most cases indicates a broken mod.
[22:28:41] [Client thread/WARN]: Potentially Dangerous alternative prefix `minecraft` for name `dread_portal`, expected `iceandfire`. This could be a intended override, but in most cases indicates a broken mod.
[22:28:42] [Client thread/WARN]: Potentially Dangerous alternative prefix `minecraft` for name `dread_spawner`, expected `iceandfire`. This could be a intended override, but in most cases indicates a broken mod.
[22:28:42] [Client thread/WARN]: Potentially Dangerous alternative prefix `minecraft` for name `dummygorgonheadidle`, expected `iceandfire`. This could be a intended override, but in most cases indicates a broken mod.
[22:28:42] [Client thread/WARN]: Potentially Dangerous alternative prefix `minecraft` for name `dummygorgonheadactive`, expected `iceandfire`. This could be a intended override, but in most cases indicates a broken mod.
[22:28:42] [Client thread/WARN]: Potentially Dangerous alternative prefix `minecraft` for name `myrmexcocoon`, expected `iceandfire`. This could be a intended override, but in most cases indicates a broken mod.
[22:28:42] [Client thread/WARN]: Potentially Dangerous alternative prefix `minecraft` for name `dragonforge`, expected `iceandfire`. This could be a intended override, but in most cases indicates a broken mod.
[22:28:42] [Client thread/WARN]: Potentially Dangerous alternative prefix `minecraft` for name `dragonforgeinput`, expected `iceandfire`. This could be a intended override, but in most cases indicates a broken mod.
[22:28:42] [Client thread/WARN]: Potentially Dangerous alternative prefix `minecraft` for name `dragonforgebrick`, expected `iceandfire`. This could be a intended override, but in most cases indicates a broken mod.
[22:28:42] [Client thread/INFO]: A raven flies from the north to the sea
[22:28:42] [Client thread/INFO]: A dragon whispers her name in the east
[22:28:56] [Client thread/WARN]: Patcher expecting empty class data file for net.minecraft.block.state.BlockStateContainer$Builder, but received non-empty
[22:28:68] [Forge Version Check/INFO]: [twilightforest] Found status: AHEAD Target: null
[22:28:70] [Forge Version Check/INFO]: [llibrary] Starting version check at https://gist.githubusercontent.com/Gegy/a6639456aeb8edd92cbf7cbfcf9d65d9/raw/llibrary_updates.json
[22:28:01] [Forge Version Check/INFO]: [llibrary] Found status: UP_TO_DATE Target: null
[22:28:01] [Forge Version Check/INFO]: [doggytalents] Starting version check at https://raw.githubusercontent.com/percivalalb/DoggyTalents/1.12.2/version.json
[22:28:11] [Forge Version Check/INFO]: [forge] Starting version check at http://files.minecraftforge.net/maven/net/minecraftforge/forge/promotions_slim.json
[22:28:23] [Client thread/INFO]: Successfully loaded 354 out of 354 recipes for shaped recipes
[22:28:24] [Client thread/INFO]: Successfully loaded 79 out of 79 recipes for shapeless recipes
[22:28:25] [Client thread/INFO]: Successfully loaded 41 out of 41 recipes for solid uu recipes
[22:28:26] [Client thread/INFO]: Successfully loaded 27 out of 27 recipes for furnace recipes
[22:28:26] [Client thread/INFO]: Successfully loaded 5 out of 5 recipes for blast furnace recipes
[22:28:26] [Client thread/INFO]: Successfully loaded 14 out of 14 recipes for block cutter recipes
[22:28:26] [Client thread/INFO]: Successfully loaded 51 out of 51 recipes for compressor recipes
[22:28:26] [Client thread/INFO]: Successfully loaded 14 out of 14 recipes for extractor recipes
[22:28:26] [Client thread/INFO]: Successfully loaded 89 out of 89 recipes for macerator recipes
[22:28:26] [Client thread/INFO]: Successfully loaded 5 out of 5 recipes for metal former cutting recipes
[22:28:26] [Client thread/INFO]: Successfully loaded 10 out of 10 recipes for metal former extruding recipes
[22:28:26] [Client thread/INFO]: Successfully loaded 14 out of 14 recipes for metal former rolling recipes
[22:28:26] [Client thread/INFO]: Successfully loaded 8 out of 8 recipes for ore washing recipes
[22:28:27] [Client thread/INFO]: Successfully loaded 26 out of 26 recipes for thermal centrifuge recipes
[22:28:42] [Client thread/WARN]: The item tritium_fuel_rod is not initialized.
[22:28:43] [Client thread/WARN]: The item plasma_launcher is not initialized.
[22:28:44] [Client thread/WARN]: The item item_pipe is not initialized.
[22:28:44] [Client thread/WARN]: The item extractor_cover is not initialized.
[22:28:44] [Client thread/WARN]: The item ingot2 is not initialized.
[22:28:44] [Client thread/WARN]: The item test_pick is not initialized.
[22:28:44] [Client thread/WARN]: The fluid deuterium is not initialized.
[22:28:44] [Client thread/WARN]: The fluid molten_brass is not initialized.
[22:28:44] [Client thread/WARN]: The fluid molten_bronze is not initialized.
[22:28:44] [Client thread/WARN]: The fluid molten_copper is not initialized.
[22:28:44] [Client thread/WARN]: The fluid molten_gold is not initialized.
[22:28:44] [Client thread/WARN]: The fluid molten_iron is not initialized.
[22:28:44] [Client thread/WARN]: The fluid molten_lead is not initialized.
[22:28:44] [Client thread/WARN]: The fluid molten_silver is not initialized.
[22:28:44] [Client thread/WARN]: The fluid molten_steel is not initialized.
[22:28:44] [Client thread/WARN]: The fluid molten_tin is not initialized.
[22:28:44] [Client thread/WARN]: The fluid molten_zinc is not initialized.
[22:28:74] [Client thread/INFO]: [danger.orespawn.init.ModBiomes:initBiome:26]: Registered Mining Biome biome
[22:28:80] [Client thread/INFO]: OBJLoader: Domain thaumcraft has been added.
[22:28:11] [Client thread/INFO]: Loaded compatibility for mod Baubles.
[22:28:11] [Client thread/INFO]: Skipped compatibility for mod Chisel.
[22:28:11] [Client thread/INFO]: Skipped compatibility for mod Forestry.
[22:28:11] [Client thread/INFO]: Skipped compatibility for mod Immersive Engineering.
[22:28:11] [Client thread/INFO]: Loaded compatibility for mod Just Enough Items.
[22:28:11] [Client thread/INFO]: Skipped compatibility for mod Tinkers' Construct.
[22:28:12] [Client thread/INFO]: Loaded compatibility for mod Thaumcraft.
[22:28:15] [Client thread/INFO]: Registering blocks...
[22:28:16] [Client thread/INFO]: Block registration complete.
[22:28:56] [Client thread/INFO]: Applying holder lookups
[22:28:56] [Client thread/INFO]: Holder lookups applied
[22:28:59] [Client thread/INFO]: Registering items...
[22:28:63] [Client thread/INFO]: Item registration complete.
[22:28:63] [Client thread/INFO]: Registering item blocks...
[22:28:63] [Client thread/INFO]: Item block registration complete.
[22:28:73] [Client thread/INFO]: Applying holder lookups
[22:28:73] [Client thread/INFO]: Holder lookups applied
[22:28:80] [Client thread/INFO]: Registering entities...
[22:28:82] [Client thread/INFO]: Entity registration complete.
[22:28:09] [Client thread/INFO]: Registering Sounds
[22:28:09] [Client thread/INFO]: Sounds Finished
[22:28:09] [Client thread/INFO]: Applying holder lookups
[22:28:10] [Client thread/INFO]: Holder lookups applied
[22:28:10] [Client thread/INFO]: TabulaModelHandler: Domain mowziesmobs has been added.
[22:28:19] [Client thread/INFO]: Applying holder lookups
[22:28:19] [Client thread/INFO]: Holder lookups applied
[22:28:19] [Client thread/INFO]: Injecting itemstacks
[22:28:19] [Client thread/INFO]: Itemstack injection complete
[22:28:19] [Client thread/INFO]: [OptiFine] *** Reloading textures ***
[22:28:19] [Client thread/INFO]: [OptiFine] Resource packs: Default
[22:28:37] [Client thread/WARN]: Missing sound for event: thaumcraft:runicshieldcharge
[22:28:38] [Sound Library Loader/INFO]: Starting up SoundSystem...
[22:28:59] [Thread-7/INFO]: Initializing LWJGL OpenAL
[22:28:59] [Thread-7/INFO]: (The LWJGL binding of OpenAL.  For more information, see http://www.lwjgl.org)
[22:28:61] [Thread-7/INFO]: OpenAL initialized.
[22:28:98] [Client thread/INFO]: OBJLoader.MaterialLibrary: key 'Ns' (model: 'thaumcraft:models/block/arcane_workbench_charger.mtl') is not currently supported, skipping
[22:28:98] [Client thread/INFO]: OBJLoader.MaterialLibrary: key 'Ni' (model: 'thaumcraft:models/block/arcane_workbench_charger.mtl') is not currently supported, skipping
[22:28:98] [Client thread/INFO]: OBJLoader.MaterialLibrary: key 'Tf' (model: 'thaumcraft:models/block/arcane_workbench_charger.mtl') is not currently supported, skipping
[22:28:98] [Client thread/INFO]: OBJLoader.MaterialLibrary: key 'illum' (model: 'thaumcraft:models/block/arcane_workbench_charger.mtl') is not currently supported, skipping
[22:28:98] [Client thread/INFO]: OBJModel: A color has already been defined for material 'texture' in 'thaumcraft:models/block/arcane_workbench_charger.mtl'. The color defined by key 'Ks' will not be applied!
[22:28:98] [Client thread/INFO]: OBJLoader.MaterialLibrary: key 'Ke' (model: 'thaumcraft:models/block/arcane_workbench_charger.mtl') is not currently supported, skipping
[22:28:99] [Sound Library Loader/INFO]: Sound engine started
[22:28:03] [Client thread/INFO]: OBJLoader.MaterialLibrary: key 'Ns' (model: 'thaumcraft:models/block/pillar.mtl') is not currently supported, skipping
[22:28:03] [Client thread/INFO]: OBJLoader.MaterialLibrary: key 'Ni' (model: 'thaumcraft:models/block/pillar.mtl') is not currently supported, skipping
[22:28:03] [Client thread/INFO]: OBJLoader.MaterialLibrary: key 'Tf' (model: 'thaumcraft:models/block/pillar.mtl') is not currently supported, skipping
[22:28:03] [Client thread/INFO]: OBJLoader.MaterialLibrary: key 'illum' (model: 'thaumcraft:models/block/pillar.mtl') is not currently supported, skipping
[22:28:03] [Client thread/INFO]: OBJModel: A color has already been defined for material 'texture' in 'thaumcraft:models/block/pillar.mtl'. The color defined by key 'Ks' will not be applied!
[22:28:03] [Client thread/INFO]: OBJLoader.MaterialLibrary: key 'Ke' (model: 'thaumcraft:models/block/pillar.mtl') is not currently supported, skipping
[22:28:04] [Client thread/INFO]: OBJLoader.MaterialLibrary: key 'Ns' (model: 'thaumcraft:models/block/thaumatorium.mtl') is not currently supported, skipping
[22:28:04] [Client thread/INFO]: OBJLoader.MaterialLibrary: key 'Ni' (model: 'thaumcraft:models/block/thaumatorium.mtl') is not currently supported, skipping
[22:28:04] [Client thread/INFO]: OBJLoader.MaterialLibrary: key 'Tf' (model: 'thaumcraft:models/block/thaumatorium.mtl') is not currently supported, skipping
[22:28:04] [Client thread/INFO]: OBJLoader.MaterialLibrary: key 'illum' (model: 'thaumcraft:models/block/thaumatorium.mtl') is not currently supported, skipping
[22:28:04] [Client thread/INFO]: OBJModel: A color has already been defined for material 'texture' in 'thaumcraft:models/block/thaumatorium.mtl'. The color defined by key 'Ks' will not be applied!
[22:28:04] [Client thread/INFO]: OBJLoader.MaterialLibrary: key 'Ke' (model: 'thaumcraft:models/block/thaumatorium.mtl') is not currently supported, skipping
[22:28:37] [Client thread/INFO]: OBJLoader.MaterialLibrary: key 'Ns' (model: 'thaumcraft:models/block/golembuilder.mtl') is not currently supported, skipping
[22:28:37] [Client thread/INFO]: OBJLoader.MaterialLibrary: key 'Ni' (model: 'thaumcraft:models/block/golembuilder.mtl') is not currently supported, skipping
[22:28:37] [Client thread/INFO]: OBJLoader.MaterialLibrary: key 'Tf' (model: 'thaumcraft:models/block/golembuilder.mtl') is not currently supported, skipping
[22:28:37] [Client thread/INFO]: OBJLoader.MaterialLibrary: key 'illum' (model: 'thaumcraft:models/block/golembuilder.mtl') is not currently supported, skipping
[22:28:37] [Client thread/INFO]: OBJModel: A color has already been defined for material 'texture' in 'thaumcraft:models/block/golembuilder.mtl'. The color defined by key 'Ks' will not be applied!
[22:28:37] [Client thread/INFO]: OBJLoader.MaterialLibrary: key 'Ke' (model: 'thaumcraft:models/block/golembuilder.mtl') is not currently supported, skipping
[22:28:38] [Client thread/INFO]: OBJLoader.MaterialLibrary: key 'Ns' (model: 'thaumcraft:models/item/scanner.mtl') is not currently supported, skipping
[22:28:38] [Client thread/INFO]: OBJLoader.MaterialLibrary: key 'Ni' (model: 'thaumcraft:models/item/scanner.mtl') is not currently supported, skipping
[22:28:38] [Client thread/INFO]: OBJLoader.MaterialLibrary: key 'Tf' (model: 'thaumcraft:models/item/scanner.mtl') is not currently supported, skipping
[22:28:38] [Client thread/INFO]: OBJLoader.MaterialLibrary: key 'illum' (model: 'thaumcraft:models/item/scanner.mtl') is not currently supported, skipping
[22:28:38] [Client thread/INFO]: OBJModel: A color has already been defined for material 'body' in 'thaumcraft:models/item/scanner.mtl'. The color defined by key 'Ks' will not be applied!
[22:28:38] [Client thread/INFO]: OBJLoader.MaterialLibrary: key 'Ke' (model: 'thaumcraft:models/item/scanner.mtl') is not currently supported, skipping
[22:28:38] [Client thread/INFO]: OBJModel: A color has already been defined for material 'pane' in 'thaumcraft:models/item/scanner.mtl'. The color defined by key 'Ks' will not be applied!
[22:28:74] [Client thread/INFO]: [OptiFine] Mipmap levels: 4
[22:28:75] [Client thread/INFO]: [OptiFine] Multitexture: false
[22:28:76] [Client thread/INFO]: [OptiFine] ConnectedTextures: mcpatcher/ctm/default/0_glass_white/glass_pane_white.properties
[22:28:77] [Client thread/INFO]: [OptiFine] ConnectedTextures: mcpatcher/ctm/default/0_glass_white/glass_white.properties
[22:28:77] [Client thread/INFO]: [OptiFine] ConnectedTextures: mcpatcher/ctm/default/10_glass_purple/glass_pane_purple.properties
[22:28:77] [Client thread/INFO]: [OptiFine] ConnectedTextures: mcpatcher/ctm/default/10_glass_purple/glass_purple.properties
[22:28:77] [Client thread/INFO]: [OptiFine] ConnectedTextures: mcpatcher/ctm/default/11_glass_blue/glass_blue.properties
[22:28:77] [Client thread/INFO]: [OptiFine] ConnectedTextures: mcpatcher/ctm/default/11_glass_blue/glass_pane_blue.properties
[22:28:78] [Client thread/INFO]: [OptiFine] ConnectedTextures: mcpatcher/ctm/default/12_glass_brown/glass_brown.properties
[22:28:78] [Client thread/INFO]: [OptiFine] ConnectedTextures: mcpatcher/ctm/default/12_glass_brown/glass_pane_brown.properties
[22:28:78] [Client thread/INFO]: [OptiFine] ConnectedTextures: mcpatcher/ctm/default/13_glass_green/glass_green.properties
[22:28:78] [Client thread/INFO]: [OptiFine] ConnectedTextures: mcpatcher/ctm/default/13_glass_green/glass_pane_green.properties
[22:28:78] [Client thread/INFO]: [OptiFine] ConnectedTextures: mcpatcher/ctm/default/14_glass_red/glass_pane_red.properties
[22:28:78] [Client thread/INFO]: [OptiFine] ConnectedTextures: mcpatcher/ctm/default/14_glass_red/glass_red.properties
[22:28:78] [Client thread/INFO]: [OptiFine] ConnectedTextures: mcpatcher/ctm/default/15_glass_black/glass_black.properties
[22:28:78] [Client thread/INFO]: [OptiFine] ConnectedTextures: mcpatcher/ctm/default/15_glass_black/glass_pane_black.properties
[22:28:78] [Client thread/INFO]: [OptiFine] ConnectedTextures: mcpatcher/ctm/default/1_glass_orange/glass_orange.properties
[22:28:78] [Client thread/INFO]: [OptiFine] ConnectedTextures: mcpatcher/ctm/default/1_glass_orange/glass_pane_orange.properties
[22:28:78] [Client thread/INFO]: [OptiFine] ConnectedTextures: mcpatcher/ctm/default/2_glass_magenta/glass_magenta.properties
[22:28:78] [Client thread/INFO]: [OptiFine] ConnectedTextures: mcpatcher/ctm/default/2_glass_magenta/glass_pane_magenta.properties
[22:28:78] [Client thread/INFO]: [OptiFine] ConnectedTextures: mcpatcher/ctm/default/3_glass_light_blue/glass_light_blue.properties
[22:28:78] [Client thread/INFO]: [OptiFine] ConnectedTextures: mcpatcher/ctm/default/3_glass_light_blue/glass_pane_light_blue.properties
[22:28:78] [Client thread/INFO]: [OptiFine] ConnectedTextures: mcpatcher/ctm/default/4_glass_yellow/glass_pane_yellow.properties
[22:28:78] [Client thread/INFO]: [OptiFine] ConnectedTextures: mcpatcher/ctm/default/4_glass_yellow/glass_yellow.properties
[22:28:78] [Client thread/INFO]: [OptiFine] ConnectedTextures: mcpatcher/ctm/default/5_glass_lime/glass_lime.properties
[22:28:78] [Client thread/INFO]: [OptiFine] ConnectedTextures: mcpatcher/ctm/default/5_glass_lime/glass_pane_lime.properties
[22:28:78] [Client thread/INFO]: [OptiFine] ConnectedTextures: mcpatcher/ctm/default/6_glass_pink/glass_pane_pink.properties
[22:28:78] [Client thread/INFO]: [OptiFine] ConnectedTextures: mcpatcher/ctm/default/6_glass_pink/glass_pink.properties
[22:28:78] [Client thread/INFO]: [OptiFine] ConnectedTextures: mcpatcher/ctm/default/7_glass_gray/glass_gray.properties
[22:28:78] [Client thread/INFO]: [OptiFine] ConnectedTextures: mcpatcher/ctm/default/7_glass_gray/glass_pane_gray.properties
[22:28:78] [Client thread/INFO]: [OptiFine] ConnectedTextures: mcpatcher/ctm/default/8_glass_silver/glass_pane_silver.properties
[22:28:78] [Client thread/INFO]: [OptiFine] ConnectedTextures: mcpatcher/ctm/default/8_glass_silver/glass_silver.properties
[22:28:79] [Client thread/INFO]: [OptiFine] ConnectedTextures: mcpatcher/ctm/default/9_glass_cyan/glass_cyan.properties
[22:28:79] [Client thread/INFO]: [OptiFine] ConnectedTextures: mcpatcher/ctm/default/9_glass_cyan/glass_pane_cyan.properties
[22:28:79] [Client thread/INFO]: [OptiFine] ConnectedTextures: mcpatcher/ctm/default/bookshelf.properties
[22:28:79] [Client thread/INFO]: [OptiFine] ConnectedTextures: mcpatcher/ctm/default/glass.properties
[22:28:79] [Client thread/INFO]: [OptiFine] ConnectedTextures: mcpatcher/ctm/default/glasspane.properties
[22:28:79] [Client thread/INFO]: [OptiFine] ConnectedTextures: mcpatcher/ctm/default/sandstone.properties
[22:28:79] [Client thread/INFO]: [OptiFine] Multipass connected textures: false
[22:28:79] [Client thread/INFO]: [OptiFine] BetterGrass: Parsing default configuration optifine/bettergrass.properties
[22:28:96] [Client thread/ERROR]: Using missing texture, unable to load thaumcraft:textures/items\scanscreen.png.png, java.io.FileNotFoundException
[22:28:25] [Client thread/ERROR]: Using missing texture, unable to load minecraft:textures/\thaumcraft\thaumcraft110\src\main\resources\assets\thaumcraft\textures\blocks\thaumatorium.png.png, java.io.FileNotFoundException
[22:28:27] [Client thread/ERROR]: Using missing texture, unable to load minecraft:textures/\thaumcraft\thaumcraft110\bin\assets\thaumcraft\textures\blocks\golembuilder.png.png, java.io.FileNotFoundException
[22:28:29] [Client thread/ERROR]: Using missing texture, unable to load minecraft:textures/\thaumcraft\thaumcraft110\src\main\resources\assets\thaumcraft\textures\blocks\arcane_workbench_charger.png.png, java.io.FileNotFoundException
[22:28:43] [Client thread/ERROR]: Using missing texture, unable to load thaumcraft:textures/items\scanner.png.png, java.io.FileNotFoundException
[22:28:59] [Client thread/ERROR]: Using missing texture, unable to load minecraft:textures/textures/atlas/blocks.png.png, java.io.FileNotFoundException
[22:28:65] [Client thread/INFO]: [OptiFine] Custom loader sprites: 9
[22:28:65] [Client thread/INFO]: [OptiFine] Sprite dependencies: 12
[22:28:80] [Client thread/INFO]: Created: 2048x1024 textures-atlas
[22:28:83] [Client thread/INFO]: [OptiFine] Animated sprites: 157
[22:28:44] [Client thread/ERROR]: Exception loading model for variant twilightforest:trans_door#inventory, normal location exception: 
net.minecraftforge.client.model.ModelLoaderRegistry$LoaderException: Exception loading model twilightforest:item/trans_door with loader VanillaLoader.INSTANCE, skipping
	at net.minecraftforge.client.model.ModelLoaderRegistry.getModel(ModelLoaderRegistry.java:161)
	at net.minecraftforge.client.model.ModelLoader.func_177590_d(ModelLoader.java:302)
	at net.minecraft.client.renderer.block.model.ModelBakery.func_177577_b(ModelBakery.java:194)
	at net.minecraftforge.client.model.ModelLoader.func_177570_a(ModelLoader.java:151)
	at net.minecraft.client.renderer.block.model.ModelManager.func_110549_a(ModelManager.java:28)
	at net.minecraft.client.resources.SimpleReloadableResourceManager.func_110542_a(SimpleReloadableResourceManager.java:121)
	at net.minecraft.client.Minecraft.func_71384_a(Minecraft.java:513)
	at net.minecraft.client.Minecraft.func_99999_d(Minecraft.java:378)
	at net.minecraft.client.main.Main.main(SourceFile:123)
	at sun.reflect.NativeMethodAccessorImpl.invoke0(Native Method)
	at sun.reflect.NativeMethodAccessorImpl.invoke(NativeMethodAccessorImpl.java:62)
	at sun.reflect.DelegatingMethodAccessorImpl.invoke(DelegatingMethodAccessorImpl.java:43)
	at java.lang.reflect.Method.invoke(Method.java:497)
	at net.minecraft.launchwrapper.Launch.launch(Launch.java:135)
	at net.minecraft.launchwrapper.Launch.main(Launch.java:28)
Caused by: java.io.FileNotFoundException: twilightforest:models/item/trans_door.json
	at net.minecraft.client.resources.FallbackResourceManager.func_110536_a(FallbackResourceManager.java:69)
	at net.minecraft.client.resources.SimpleReloadableResourceManager.func_110536_a(SimpleReloadableResourceManager.java:65)
	at net.minecraft.client.renderer.block.model.ModelBakery.func_177594_c(ModelBakery.java:365)
	at net.minecraftforge.client.model.ModelLoader.access$1400(ModelLoader.java:115)
	at net.minecraftforge.client.model.ModelLoader$VanillaLoader.loadModel(ModelLoader.java:861)
	at net.minecraftforge.client.model.ModelLoaderRegistry.getModel(ModelLoaderRegistry.java:157)
	... 14 more

[22:28:44] [Client thread/ERROR]: Exception loading model for variant twilightforest:trans_door#inventory, blockstate location exception: 
net.minecraftforge.client.model.ModelLoaderRegistry$LoaderException: Exception loading model twilightforest:trans_door#inventory with loader VariantLoader.INSTANCE, skipping
	at net.minecraftforge.client.model.ModelLoaderRegistry.getModel(ModelLoaderRegistry.java:161)
	at net.minecraftforge.client.model.ModelLoader.func_177590_d(ModelLoader.java:296)
	at net.minecraft.client.renderer.block.model.ModelBakery.func_177577_b(ModelBakery.java:194)
	at net.minecraftforge.client.model.ModelLoader.func_177570_a(ModelLoader.java:151)
	at net.minecraft.client.renderer.block.model.ModelManager.func_110549_a(ModelManager.java:28)
	at net.minecraft.client.resources.SimpleReloadableResourceManager.func_110542_a(SimpleReloadableResourceManager.java:121)
	at net.minecraft.client.Minecraft.func_71384_a(Minecraft.java:513)
	at net.minecraft.client.Minecraft.func_99999_d(Minecraft.java:378)
	at net.minecraft.client.main.Main.main(SourceFile:123)
	at sun.reflect.NativeMethodAccessorImpl.invoke0(Native Method)
	at sun.reflect.NativeMethodAccessorImpl.invoke(NativeMethodAccessorImpl.java:62)
	at sun.reflect.DelegatingMethodAccessorImpl.invoke(DelegatingMethodAccessorImpl.java:43)
	at java.lang.reflect.Method.invoke(Method.java:497)
	at net.minecraft.launchwrapper.Launch.launch(Launch.java:135)
	at net.minecraft.launchwrapper.Launch.main(Launch.java:28)
Caused by: net.minecraft.client.renderer.block.model.ModelBlockDefinition$MissingVariantException
	at net.minecraft.client.renderer.block.model.ModelBlockDefinition.func_188004_c(ModelBlockDefinition.java:83)
	at net.minecraftforge.client.model.ModelLoader$VariantLoader.loadModel(ModelLoader.java:1175)
	at net.minecraftforge.client.model.ModelLoaderRegistry.getModel(ModelLoaderRegistry.java:157)
	... 14 more

[22:28:44] [Client thread/ERROR]: Exception loading model for variant twilightforest:twilight_oak_door#inventory, normal location exception: 
net.minecraftforge.client.model.ModelLoaderRegistry$LoaderException: Exception loading model twilightforest:item/twilight_oak_door with loader VanillaLoader.INSTANCE, skipping
	at net.minecraftforge.client.model.ModelLoaderRegistry.getModel(ModelLoaderRegistry.java:161)
	at net.minecraftforge.client.model.ModelLoader.func_177590_d(ModelLoader.java:302)
	at net.minecraft.client.renderer.block.model.ModelBakery.func_177577_b(ModelBakery.java:194)
	at net.minecraftforge.client.model.ModelLoader.func_177570_a(ModelLoader.java:151)
	at net.minecraft.client.renderer.block.model.ModelManager.func_110549_a(ModelManager.java:28)
	at net.minecraft.client.resources.SimpleReloadableResourceManager.func_110542_a(SimpleReloadableResourceManager.java:121)
	at net.minecraft.client.Minecraft.func_71384_a(Minecraft.java:513)
	at net.minecraft.client.Minecraft.func_99999_d(Minecraft.java:378)
	at net.minecraft.client.main.Main.main(SourceFile:123)
	at sun.reflect.NativeMethodAccessorImpl.invoke0(Native Method)
	at sun.reflect.NativeMethodAccessorImpl.invoke(NativeMethodAccessorImpl.java:62)
	at sun.reflect.DelegatingMethodAccessorImpl.invoke(DelegatingMethodAccessorImpl.java:43)
	at java.lang.reflect.Method.invoke(Method.java:497)
	at net.minecraft.launchwrapper.Launch.launch(Launch.java:135)
	at net.minecraft.launchwrapper.Launch.main(Launch.java:28)
Caused by: java.io.FileNotFoundException: twilightforest:models/item/twilight_oak_door.json
	at net.minecraft.client.resources.FallbackResourceManager.func_110536_a(FallbackResourceManager.java:69)
	at net.minecraft.client.resources.SimpleReloadableResourceManager.func_110536_a(SimpleReloadableResourceManager.java:65)
	at net.minecraft.client.renderer.block.model.ModelBakery.func_177594_c(ModelBakery.java:365)
	at net.minecraftforge.client.model.ModelLoader.access$1400(ModelLoader.java:115)
	at net.minecraftforge.client.model.ModelLoader$VanillaLoader.loadModel(ModelLoader.java:861)
	at net.minecraftforge.client.model.ModelLoaderRegistry.getModel(ModelLoaderRegistry.java:157)
	... 14 more

[22:28:44] [Client thread/ERROR]: Exception loading model for variant twilightforest:twilight_oak_door#inventory, blockstate location exception: 
net.minecraftforge.client.model.ModelLoaderRegistry$LoaderException: Exception loading model twilightforest:twilight_oak_door#inventory with loader VariantLoader.INSTANCE, skipping
	at net.minecraftforge.client.model.ModelLoaderRegistry.getModel(ModelLoaderRegistry.java:161)
	at net.minecraftforge.client.model.ModelLoader.func_177590_d(ModelLoader.java:296)
	at net.minecraft.client.renderer.block.model.ModelBakery.func_177577_b(ModelBakery.java:194)
	at net.minecraftforge.client.model.ModelLoader.func_177570_a(ModelLoader.java:151)
	at net.minecraft.client.renderer.block.model.ModelManager.func_110549_a(ModelManager.java:28)
	at net.minecraft.client.resources.SimpleReloadableResourceManager.func_110542_a(SimpleReloadableResourceManager.java:121)
	at net.minecraft.client.Minecraft.func_71384_a(Minecraft.java:513)
	at net.minecraft.client.Minecraft.func_99999_d(Minecraft.java:378)
	at net.minecraft.client.main.Main.main(SourceFile:123)
	at sun.reflect.NativeMethodAccessorImpl.invoke0(Native Method)
	at sun.reflect.NativeMethodAccessorImpl.invoke(NativeMethodAccessorImpl.java:62)
	at sun.reflect.DelegatingMethodAccessorImpl.invoke(DelegatingMethodAccessorImpl.java:43)
	at java.lang.reflect.Method.invoke(Method.java:497)
	at net.minecraft.launchwrapper.Launch.launch(Launch.java:135)
	at net.minecraft.launchwrapper.Launch.main(Launch.java:28)
Caused by: net.minecraft.client.renderer.block.model.ModelBlockDefinition$MissingVariantException
	at net.minecraft.client.renderer.block.model.ModelBlockDefinition.func_188004_c(ModelBlockDefinition.java:83)
	at net.minecraftforge.client.model.ModelLoader$VariantLoader.loadModel(ModelLoader.java:1175)
	at net.minecraftforge.client.model.ModelLoaderRegistry.getModel(ModelLoaderRegistry.java:157)
	... 14 more

[22:28:44] [Client thread/ERROR]: Exception loading model for variant twilightforest:mine_door#inventory, normal location exception: 
net.minecraftforge.client.model.ModelLoaderRegistry$LoaderException: Exception loading model twilightforest:item/mine_door with loader VanillaLoader.INSTANCE, skipping
	at net.minecraftforge.client.model.ModelLoaderRegistry.getModel(ModelLoaderRegistry.java:161)
	at net.minecraftforge.client.model.ModelLoader.func_177590_d(ModelLoader.java:302)
	at net.minecraft.client.renderer.block.model.ModelBakery.func_177577_b(ModelBakery.java:194)
	at net.minecraftforge.client.model.ModelLoader.func_177570_a(ModelLoader.java:151)
	at net.minecraft.client.renderer.block.model.ModelManager.func_110549_a(ModelManager.java:28)
	at net.minecraft.client.resources.SimpleReloadableResourceManager.func_110542_a(SimpleReloadableResourceManager.java:121)
	at net.minecraft.client.Minecraft.func_71384_a(Minecraft.java:513)
	at net.minecraft.client.Minecraft.func_99999_d(Minecraft.java:378)
	at net.minecraft.client.main.Main.main(SourceFile:123)
	at sun.reflect.NativeMethodAccessorImpl.invoke0(Native Method)
	at sun.reflect.NativeMethodAccessorImpl.invoke(NativeMethodAccessorImpl.java:62)
	at sun.reflect.DelegatingMethodAccessorImpl.invoke(DelegatingMethodAccessorImpl.java:43)
	at java.lang.reflect.Method.invoke(Method.java:497)
	at net.minecraft.launchwrapper.Launch.launch(Launch.java:135)
	at net.minecraft.launchwrapper.Launch.main(Launch.java:28)
Caused by: java.io.FileNotFoundException: twilightforest:models/item/mine_door.json
	at net.minecraft.client.resources.FallbackResourceManager.func_110536_a(FallbackResourceManager.java:69)
	at net.minecraft.client.resources.SimpleReloadableResourceManager.func_110536_a(SimpleReloadableResourceManager.java:65)
	at net.minecraft.client.renderer.block.model.ModelBakery.func_177594_c(ModelBakery.java:365)
	at net.minecraftforge.client.model.ModelLoader.access$1400(ModelLoader.java:115)
	at net.minecraftforge.client.model.ModelLoader$VanillaLoader.loadModel(ModelLoader.java:861)
	at net.minecraftforge.client.model.ModelLoaderRegistry.getModel(ModelLoaderRegistry.java:157)
	... 14 more

[22:28:44] [Client thread/ERROR]: Exception loading model for variant twilightforest:mine_door#inventory, blockstate location exception: 
net.minecraftforge.client.model.ModelLoaderRegistry$LoaderException: Exception loading model twilightforest:mine_door#inventory with loader VariantLoader.INSTANCE, skipping
	at net.minecraftforge.client.model.ModelLoaderRegistry.getModel(ModelLoaderRegistry.java:161)
	at net.minecraftforge.client.model.ModelLoader.func_177590_d(ModelLoader.java:296)
	at net.minecraft.client.renderer.block.model.ModelBakery.func_177577_b(ModelBakery.java:194)
	at net.minecraftforge.client.model.ModelLoader.func_177570_a(ModelLoader.java:151)
	at net.minecraft.client.renderer.block.model.ModelManager.func_110549_a(ModelManager.java:28)
	at net.minecraft.client.resources.SimpleReloadableResourceManager.func_110542_a(SimpleReloadableResourceManager.java:121)
	at net.minecraft.client.Minecraft.func_71384_a(Minecraft.java:513)
	at net.minecraft.client.Minecraft.func_99999_d(Minecraft.java:378)
	at net.minecraft.client.main.Main.main(SourceFile:123)
	at sun.reflect.NativeMethodAccessorImpl.invoke0(Native Method)
	at sun.reflect.NativeMethodAccessorImpl.invoke(NativeMethodAccessorImpl.java:62)
	at sun.reflect.DelegatingMethodAccessorImpl.invoke(DelegatingMethodAccessorImpl.java:43)
	at java.lang.reflect.Method.invoke(Method.java:497)
	at net.minecraft.launchwrapper.Launch.launch(Launch.java:135)
	at net.minecraft.launchwrapper.Launch.main(Launch.java:28)
Caused by: net.minecraft.client.renderer.block.model.ModelBlockDefinition$MissingVariantException
	at net.minecraft.client.renderer.block.model.ModelBlockDefinition.func_188004_c(ModelBlockDefinition.java:83)
	at net.minecraftforge.client.model.ModelLoader$VariantLoader.loadModel(ModelLoader.java:1175)
	at net.minecraftforge.client.model.ModelLoaderRegistry.getModel(ModelLoaderRegistry.java:157)
	... 14 more

[22:28:44] [Client thread/ERROR]: Exception loading model for variant minecraft:air#inventory, normal location exception: 
net.minecraftforge.client.model.ModelLoaderRegistry$LoaderException: Exception loading model minecraft:item/air with loader VanillaLoader.INSTANCE, skipping
	at net.minecraftforge.client.model.ModelLoaderRegistry.getModel(ModelLoaderRegistry.java:161)
	at net.minecraftforge.client.model.ModelLoader.func_177590_d(ModelLoader.java:302)
	at net.minecraft.client.renderer.block.model.ModelBakery.func_177577_b(ModelBakery.java:194)
	at net.minecraftforge.client.model.ModelLoader.func_177570_a(ModelLoader.java:151)
	at net.minecraft.client.renderer.block.model.ModelManager.func_110549_a(ModelManager.java:28)
	at net.minecraft.client.resources.SimpleReloadableResourceManager.func_110542_a(SimpleReloadableResourceManager.java:121)
	at net.minecraft.client.Minecraft.func_71384_a(Minecraft.java:513)
	at net.minecraft.client.Minecraft.func_99999_d(Minecraft.java:378)
	at net.minecraft.client.main.Main.main(SourceFile:123)
	at sun.reflect.NativeMethodAccessorImpl.invoke0(Native Method)
	at sun.reflect.NativeMethodAccessorImpl.invoke(NativeMethodAccessorImpl.java:62)
	at sun.reflect.DelegatingMethodAccessorImpl.invoke(DelegatingMethodAccessorImpl.java:43)
	at java.lang.reflect.Method.invoke(Method.java:497)
	at net.minecraft.launchwrapper.Launch.launch(Launch.java:135)
	at net.minecraft.launchwrapper.Launch.main(Launch.java:28)
Caused by: java.io.FileNotFoundException: minecraft:models/item/air.json
	at net.minecraft.client.resources.FallbackResourceManager.func_110536_a(FallbackResourceManager.java:69)
	at net.minecraft.client.resources.SimpleReloadableResourceManager.func_110536_a(SimpleReloadableResourceManager.java:65)
	at net.minecraft.client.renderer.block.model.ModelBakery.func_177594_c(ModelBakery.java:365)
	at net.minecraftforge.client.model.ModelLoader.access$1400(ModelLoader.java:115)
	at net.minecraftforge.client.model.ModelLoader$VanillaLoader.loadModel(ModelLoader.java:861)
	at net.minecraftforge.client.model.ModelLoaderRegistry.getModel(ModelLoaderRegistry.java:157)
	... 14 more

[22:28:44] [Client thread/ERROR]: Exception loading model for variant minecraft:air#inventory, blockstate location exception: 
net.minecraftforge.client.model.ModelLoaderRegistry$LoaderException: Exception loading model minecraft:air#inventory with loader VariantLoader.INSTANCE, skipping
	at net.minecraftforge.client.model.ModelLoaderRegistry.getModel(ModelLoaderRegistry.java:161)
	at net.minecraftforge.client.model.ModelLoader.func_177590_d(ModelLoader.java:296)
	at net.minecraft.client.renderer.block.model.ModelBakery.func_177577_b(ModelBakery.java:194)
	at net.minecraftforge.client.model.ModelLoader.func_177570_a(ModelLoader.java:151)
	at net.minecraft.client.renderer.block.model.ModelManager.func_110549_a(ModelManager.java:28)
	at net.minecraft.client.resources.SimpleReloadableResourceManager.func_110542_a(SimpleReloadableResourceManager.java:121)
	at net.minecraft.client.Minecraft.func_71384_a(Minecraft.java:513)
	at net.minecraft.client.Minecraft.func_99999_d(Minecraft.java:378)
	at net.minecraft.client.main.Main.main(SourceFile:123)
	at sun.reflect.NativeMethodAccessorImpl.invoke0(Native Method)
	at sun.reflect.NativeMethodAccessorImpl.invoke(NativeMethodAccessorImpl.java:62)
	at sun.reflect.DelegatingMethodAccessorImpl.invoke(DelegatingMethodAccessorImpl.java:43)
	at java.lang.reflect.Method.invoke(Method.java:497)
	at net.minecraft.launchwrapper.Launch.launch(Launch.java:135)
	at net.minecraft.launchwrapper.Launch.main(Launch.java:28)
Caused by: net.minecraft.client.renderer.block.model.ModelBlockDefinition$MissingVariantException
	at net.minecraft.client.renderer.block.model.ModelBlockDefinition.func_188004_c(ModelBlockDefinition.java:83)
	at net.minecraftforge.client.model.ModelLoader$VariantLoader.loadModel(ModelLoader.java:1175)
	at net.minecraftforge.client.model.ModelLoaderRegistry.getModel(ModelLoaderRegistry.java:157)
	... 14 more

[22:28:44] [Client thread/ERROR]: Exception loading model for variant twilightforest:mangrove_door#inventory, normal location exception: 
net.minecraftforge.client.model.ModelLoaderRegistry$LoaderException: Exception loading model twilightforest:item/mangrove_door with loader VanillaLoader.INSTANCE, skipping
	at net.minecraftforge.client.model.ModelLoaderRegistry.getModel(ModelLoaderRegistry.java:161)
	at net.minecraftforge.client.model.ModelLoader.func_177590_d(ModelLoader.java:302)
	at net.minecraft.client.renderer.block.model.ModelBakery.func_177577_b(ModelBakery.java:194)
	at net.minecraftforge.client.model.ModelLoader.func_177570_a(ModelLoader.java:151)
	at net.minecraft.client.renderer.block.model.ModelManager.func_110549_a(ModelManager.java:28)
	at net.minecraft.client.resources.SimpleReloadableResourceManager.func_110542_a(SimpleReloadableResourceManager.java:121)
	at net.minecraft.client.Minecraft.func_71384_a(Minecraft.java:513)
	at net.minecraft.client.Minecraft.func_99999_d(Minecraft.java:378)
	at net.minecraft.client.main.Main.main(SourceFile:123)
	at sun.reflect.NativeMethodAccessorImpl.invoke0(Native Method)
	at sun.reflect.NativeMethodAccessorImpl.invoke(NativeMethodAccessorImpl.java:62)
	at sun.reflect.DelegatingMethodAccessorImpl.invoke(DelegatingMethodAccessorImpl.java:43)
	at java.lang.reflect.Method.invoke(Method.java:497)
	at net.minecraft.launchwrapper.Launch.launch(Launch.java:135)
	at net.minecraft.launchwrapper.Launch.main(Launch.java:28)
Caused by: java.io.FileNotFoundException: twilightforest:models/item/mangrove_door.json
	at net.minecraft.client.resources.FallbackResourceManager.func_110536_a(FallbackResourceManager.java:69)
	at net.minecraft.client.resources.SimpleReloadableResourceManager.func_110536_a(SimpleReloadableResourceManager.java:65)
	at net.minecraft.client.renderer.block.model.ModelBakery.func_177594_c(ModelBakery.java:365)
	at net.minecraftforge.client.model.ModelLoader.access$1400(ModelLoader.java:115)
	at net.minecraftforge.client.model.ModelLoader$VanillaLoader.loadModel(ModelLoader.java:861)
	at net.minecraftforge.client.model.ModelLoaderRegistry.getModel(ModelLoaderRegistry.java:157)
	... 14 more

[22:28:44] [Client thread/ERROR]: Exception loading model for variant twilightforest:mangrove_door#inventory, blockstate location exception: 
net.minecraftforge.client.model.ModelLoaderRegistry$LoaderException: Exception loading model twilightforest:mangrove_door#inventory with loader VariantLoader.INSTANCE, skipping
	at net.minecraftforge.client.model.ModelLoaderRegistry.getModel(ModelLoaderRegistry.java:161)
	at net.minecraftforge.client.model.ModelLoader.func_177590_d(ModelLoader.java:296)
	at net.minecraft.client.renderer.block.model.ModelBakery.func_177577_b(ModelBakery.java:194)
	at net.minecraftforge.client.model.ModelLoader.func_177570_a(ModelLoader.java:151)
	at net.minecraft.client.renderer.block.model.ModelManager.func_110549_a(ModelManager.java:28)
	at net.minecraft.client.resources.SimpleReloadableResourceManager.func_110542_a(SimpleReloadableResourceManager.java:121)
	at net.minecraft.client.Minecraft.func_71384_a(Minecraft.java:513)
	at net.minecraft.client.Minecraft.func_99999_d(Minecraft.java:378)
	at net.minecraft.client.main.Main.main(SourceFile:123)
	at sun.reflect.NativeMethodAccessorImpl.invoke0(Native Method)
	at sun.reflect.NativeMethodAccessorImpl.invoke(NativeMethodAccessorImpl.java:62)
	at sun.reflect.DelegatingMethodAccessorImpl.invoke(DelegatingMethodAccessorImpl.java:43)
	at java.lang.reflect.Method.invoke(Method.java:497)
	at net.minecraft.launchwrapper.Launch.launch(Launch.java:135)
	at net.minecraft.launchwrapper.Launch.main(Launch.java:28)
Caused by: net.minecraft.client.renderer.block.model.ModelBlockDefinition$MissingVariantException
	at net.minecraft.client.renderer.block.model.ModelBlockDefinition.func_188004_c(ModelBlockDefinition.java:83)
	at net.minecraftforge.client.model.ModelLoader$VariantLoader.loadModel(ModelLoader.java:1175)
	at net.minecraftforge.client.model.ModelLoaderRegistry.getModel(ModelLoaderRegistry.java:157)
	... 14 more

[22:28:44] [Client thread/FATAL]: Suppressed additional 3 model loading errors for domain twilightforest
[22:28:24] [Client thread/INFO]: Registering recipes...
[22:28:24] [Client thread/INFO]: Recipe registration complete.
[22:28:24] [Client thread/WARN]: Potentially Dangerous alternative prefix `minecraft` for name `painted acacia slab`, expected `mowziesmobs`. This could be a intended override, but in most cases indicates a broken mod.
[22:28:24] [Client thread/INFO]: Checking for mod & oredict compatibilities
[22:28:26] [Client thread/INFO]: Adding entities to MFR safari net blacklist.
[22:28:29] [Client thread/INFO]: Loading Default Recipes...
[22:28:31] [Client thread/INFO]: Applying holder lookups
[22:28:31] [Client thread/INFO]: Holder lookups applied
[22:28:32] [CC Supporters Downloader/INFO]: [codechicken.lib.internal.ModDescriptionEnhancer:lambda$init$0:85]: java.lang.UnsupportedOperationException: JsonNull
[22:28:32] [CC Supporters Downloader/INFO]: [codechicken.lib.internal.ModDescriptionEnhancer:lambda$init$0:85]: 	at com.google.gson.JsonElement.getAsString(JsonElement.java:191)
[22:28:32] [CC Supporters Downloader/INFO]: [codechicken.lib.internal.ModDescriptionEnhancer:lambda$init$0:85]: 	at codechicken.lib.internal.ModDescriptionEnhancer.parse(ModDescriptionEnhancer.java:103)
[22:28:32] [CC Supporters Downloader/INFO]: [codechicken.lib.internal.ModDescriptionEnhancer:lambda$init$0:85]: 	at codechicken.lib.internal.ModDescriptionEnhancer.lambda$init$0(ModDescriptionEnhancer.java:82)
[22:28:32] [CC Supporters Downloader/INFO]: [codechicken.lib.internal.ModDescriptionEnhancer:lambda$init$0:85]: 	at codechicken.lib.internal.ModDescriptionEnhancer$$Lambda$803/1791721883.run(Unknown Source)
[22:28:32] [CC Supporters Downloader/INFO]: [codechicken.lib.internal.ModDescriptionEnhancer:lambda$init$0:85]: 	at java.lang.Thread.run(Thread.java:745)
[22:28:34] [Client thread/INFO]: Finished Initialization
[22:28:36] [Client thread/WARN]: PriceRange(2, 1) invalid, 1 smaller than 2
[22:28:36] [Client thread/WARN]: PriceRange(4, 1) invalid, 1 smaller than 4
[22:28:36] [Client thread/WARN]: PriceRange(10, 1) invalid, 1 smaller than 10
[22:28:36] [Client thread/WARN]: PriceRange(9, 1) invalid, 1 smaller than 9
[22:28:36] [Client thread/WARN]: PriceRange(3, 2) invalid, 2 smaller than 3
[22:28:36] [Client thread/INFO]: The watcher waits on the northern wall
[22:28:36] [Client thread/INFO]: A daughter picks up a warrior's sword
[22:28:85] [Client thread/INFO]: Created: 128x256 textures-atlas
[22:28:86] [Client thread/WARN]: Potentially Dangerous alternative prefix `minecraft` for name `uranium_ingot`, expected `orespawn`. This could be a intended override, but in most cases indicates a broken mod.
[22:28:86] [Client thread/WARN]: Potentially Dangerous alternative prefix `minecraft` for name `titanium_ingot`, expected `orespawn`. This could be a intended override, but in most cases indicates a broken mod.
[22:28:86] [Client thread/WARN]: Potentially Dangerous alternative prefix `minecraft` for name `uranium_nugget`, expected `orespawn`. This could be a intended override, but in most cases indicates a broken mod.
[22:28:86] [Client thread/WARN]: Potentially Dangerous alternative prefix `minecraft` for name `titanium_nugget`, expected `orespawn`. This could be a intended override, but in most cases indicates a broken mod.
[22:28:86] [Client thread/WARN]: Potentially Dangerous alternative prefix `minecraft` for name `ultimate_sword`, expected `orespawn`. This could be a intended override, but in most cases indicates a broken mod.
[22:28:86] [Client thread/WARN]: Potentially Dangerous alternative prefix `minecraft` for name `ultimate_pickaxe`, expected `orespawn`. This could be a intended override, but in most cases indicates a broken mod.
[22:28:86] [Client thread/WARN]: Potentially Dangerous alternative prefix `minecraft` for name `ultimate_axe`, expected `orespawn`. This could be a intended override, but in most cases indicates a broken mod.
[22:28:86] [Client thread/WARN]: Potentially Dangerous alternative prefix `minecraft` for name `ultimate_shovel`, expected `orespawn`. This could be a intended override, but in most cases indicates a broken mod.
[22:28:86] [Client thread/WARN]: Potentially Dangerous alternative prefix `minecraft` for name `ultimate_hoe`, expected `orespawn`. This could be a intended override, but in most cases indicates a broken mod.
[22:28:86] [Client thread/WARN]: Potentially Dangerous alternative prefix `minecraft` for name `ultimate_helmet`, expected `orespawn`. This could be a intended override, but in most cases indicates a broken mod.
[22:28:86] [Client thread/WARN]: Potentially Dangerous alternative prefix `minecraft` for name `ultimate_chestplate`, expected `orespawn`. This could be a intended override, but in most cases indicates a broken mod.
[22:28:86] [Client thread/WARN]: Potentially Dangerous alternative prefix `minecraft` for name `ultimate_leggings`, expected `orespawn`. This could be a intended override, but in most cases indicates a broken mod.
[22:28:86] [Client thread/WARN]: Potentially Dangerous alternative prefix `minecraft` for name `ultimate_boots`, expected `orespawn`. This could be a intended override, but in most cases indicates a broken mod.
[22:28:86] [Client thread/WARN]: Potentially Dangerous alternative prefix `minecraft` for name `emerald_sword`, expected `orespawn`. This could be a intended override, but in most cases indicates a broken mod.
[22:28:86] [Client thread/WARN]: Potentially Dangerous alternative prefix `minecraft` for name `emerald_pickaxe`, expected `orespawn`. This could be a intended override, but in most cases indicates a broken mod.
[22:28:86] [Client thread/WARN]: Potentially Dangerous alternative prefix `minecraft` for name `emerald_axe`, expected `orespawn`. This could be a intended override, but in most cases indicates a broken mod.
[22:28:86] [Client thread/WARN]: Potentially Dangerous alternative prefix `minecraft` for name `emerald_shovel`, expected `orespawn`. This could be a intended override, but in most cases indicates a broken mod.
[22:28:86] [Client thread/WARN]: Potentially Dangerous alternative prefix `minecraft` for name `emerald_hoe`, expected `orespawn`. This could be a intended override, but in most cases indicates a broken mod.
[22:28:86] [Client thread/WARN]: Potentially Dangerous alternative prefix `minecraft` for name `emerald_helmet`, expected `orespawn`. This could be a intended override, but in most cases indicates a broken mod.
[22:28:86] [Client thread/WARN]: Potentially Dangerous alternative prefix `minecraft` for name `emerald_chestplate`, expected `orespawn`. This could be a intended override, but in most cases indicates a broken mod.
[22:28:86] [Client thread/WARN]: Potentially Dangerous alternative prefix `minecraft` for name `emerald_leggings`, expected `orespawn`. This could be a intended override, but in most cases indicates a broken mod.
[22:28:86] [Client thread/WARN]: Potentially Dangerous alternative prefix `minecraft` for name `emerald_boots`, expected `orespawn`. This could be a intended override, but in most cases indicates a broken mod.
[22:28:86] [Client thread/WARN]: Potentially Dangerous alternative prefix `minecraft` for name `empty_cage`, expected `orespawn`. This could be a intended override, but in most cases indicates a broken mod.
[22:28:86] [Client thread/WARN]: Potentially Dangerous alternative prefix `minecraft` for name `alosaurus_egg`, expected `orespawn`. This could be a intended override, but in most cases indicates a broken mod.
[22:28:86] [Client thread/WARN]: Potentially Dangerous alternative prefix `minecraft` for name `baryonyx_egg`, expected `orespawn`. This could be a intended override, but in most cases indicates a broken mod.
[22:28:86] [Client thread/WARN]: Potentially Dangerous alternative prefix `minecraft` for name `camarasaurus_egg`, expected `orespawn`. This could be a intended override, but in most cases indicates a broken mod.
[22:28:86] [Client thread/WARN]: Potentially Dangerous alternative prefix `minecraft` for name `cryolophosaurus_egg`, expected `orespawn`. This could be a intended override, but in most cases indicates a broken mod.
[22:28:86] [Client thread/WARN]: Potentially Dangerous alternative prefix `minecraft` for name `pointysaurus_egg`, expected `orespawn`. This could be a intended override, but in most cases indicates a broken mod.
[22:28:86] [Client thread/WARN]: Potentially Dangerous alternative prefix `minecraft` for name `trex_egg`, expected `orespawn`. This could be a intended override, but in most cases indicates a broken mod.
[22:28:86] [Client thread/WARN]: Potentially Dangerous alternative prefix `minecraft` for name `bird_egg`, expected `orespawn`. This could be a intended override, but in most cases indicates a broken mod.
[22:28:86] [Client thread/WARN]: Potentially Dangerous alternative prefix `minecraft` for name `cow_egg`, expected `orespawn`. This could be a intended override, but in most cases indicates a broken mod.
[22:28:86] [Client thread/WARN]: Potentially Dangerous alternative prefix `minecraft` for name `creeper_egg`, expected `orespawn`. This could be a intended override, but in most cases indicates a broken mod.
[22:28:86] [Client thread/WARN]: Potentially Dangerous alternative prefix `minecraft` for name `ghast_egg`, expected `orespawn`. This could be a intended override, but in most cases indicates a broken mod.
[22:28:86] [Client thread/WARN]: Potentially Dangerous alternative prefix `minecraft` for name `horse_egg`, expected `orespawn`. This could be a intended override, but in most cases indicates a broken mod.
[22:28:86] [Client thread/WARN]: Potentially Dangerous alternative prefix `minecraft` for name `pig_egg`, expected `orespawn`. This could be a intended override, but in most cases indicates a broken mod.
[22:28:86] [Client thread/WARN]: Potentially Dangerous alternative prefix `minecraft` for name `zombie_egg`, expected `orespawn`. This could be a intended override, but in most cases indicates a broken mod.
[22:28:86] [Client thread/WARN]: Potentially Dangerous alternative prefix `minecraft` for name `alien_egg`, expected `orespawn`. This could be a intended override, but in most cases indicates a broken mod.
[22:28:86] [Client thread/WARN]: Potentially Dangerous alternative prefix `minecraft` for name `cavefisher_egg`, expected `orespawn`. This could be a intended override, but in most cases indicates a broken mod.
[22:28:86] [Client thread/WARN]: Potentially Dangerous alternative prefix `minecraft` for name `nastysaurus_egg`, expected `orespawn`. This could be a intended override, but in most cases indicates a broken mod.
[22:28:86] [Client thread/WARN]: Potentially Dangerous alternative prefix `minecraft` for name `velocityraptor_egg`, expected `orespawn`. This could be a intended override, but in most cases indicates a broken mod.
[22:28:86] [Client thread/WARN]: Potentially Dangerous alternative prefix `minecraft` for name `gammametroid_egg`, expected `orespawn`. This could be a intended override, but in most cases indicates a broken mod.
[22:28:86] [Client thread/WARN]: Potentially Dangerous alternative prefix `minecraft` for name `spyro_egg`, expected `orespawn`. This could be a intended override, but in most cases indicates a broken mod.
[22:28:86] [Client thread/WARN]: Potentially Dangerous alternative prefix `minecraft` for name `dragonfly_egg`, expected `orespawn`. This could be a intended override, but in most cases indicates a broken mod.
[22:28:86] [Client thread/WARN]: Potentially Dangerous alternative prefix `minecraft` for name `moth_helmet`, expected `orespawn`. This could be a intended override, but in most cases indicates a broken mod.
[22:28:86] [Client thread/WARN]: Potentially Dangerous alternative prefix `minecraft` for name `moth_chestplate`, expected `orespawn`. This could be a intended override, but in most cases indicates a broken mod.
[22:28:86] [Client thread/WARN]: Potentially Dangerous alternative prefix `minecraft` for name `moth_leggings`, expected `orespawn`. This could be a intended override, but in most cases indicates a broken mod.
[22:28:86] [Client thread/WARN]: Potentially Dangerous alternative prefix `minecraft` for name `moth_boots`, expected `orespawn`. This could be a intended override, but in most cases indicates a broken mod.
[22:28:86] [Client thread/WARN]: Potentially Dangerous alternative prefix `minecraft` for name `worm_food`, expected `orespawn`. This could be a intended override, but in most cases indicates a broken mod.
[22:28:86] [Client thread/WARN]: Potentially Dangerous alternative prefix `minecraft` for name `kyuubi_egg`, expected `orespawn`. This could be a intended override, but in most cases indicates a broken mod.
[22:28:86] [Client thread/WARN]: Potentially Dangerous alternative prefix `minecraft` for name `beaver_egg`, expected `orespawn`. This could be a intended override, but in most cases indicates a broken mod.
[22:28:86] [Client thread/WARN]: Potentially Dangerous alternative prefix `minecraft` for name `brutalfly_egg`, expected `orespawn`. This could be a intended override, but in most cases indicates a broken mod.
[22:28:86] [Client thread/WARN]: Potentially Dangerous alternative prefix `minecraft` for name `mothra_egg`, expected `orespawn`. This could be a intended override, but in most cases indicates a broken mod.
[22:28:86] [Client thread/WARN]: Potentially Dangerous alternative prefix `minecraft` for name `mantis_egg`, expected `orespawn`. This could be a intended override, but in most cases indicates a broken mod.
[22:28:86] [Client thread/WARN]: Potentially Dangerous alternative prefix `minecraft` for name `amethyst_sword`, expected `orespawn`. This could be a intended override, but in most cases indicates a broken mod.
[22:28:86] [Client thread/WARN]: Potentially Dangerous alternative prefix `minecraft` for name `amethyst_axe`, expected `orespawn`. This could be a intended override, but in most cases indicates a broken mod.
[22:28:86] [Client thread/WARN]: Potentially Dangerous alternative prefix `minecraft` for name `amethyst_pickaxe`, expected `orespawn`. This could be a intended override, but in most cases indicates a broken mod.
[22:28:86] [Client thread/WARN]: Potentially Dangerous alternative prefix `minecraft` for name `amethyst_hoe`, expected `orespawn`. This could be a intended override, but in most cases indicates a broken mod.
[22:28:86] [Client thread/WARN]: Potentially Dangerous alternative prefix `minecraft` for name `amethyst_helmet`, expected `orespawn`. This could be a intended override, but in most cases indicates a broken mod.
[22:28:86] [Client thread/WARN]: Potentially Dangerous alternative prefix `minecraft` for name `amethyst_chestplate`, expected `orespawn`. This could be a intended override, but in most cases indicates a broken mod.
[22:28:86] [Client thread/WARN]: Potentially Dangerous alternative prefix `minecraft` for name `amethyst_leggings`, expected `orespawn`. This could be a intended override, but in most cases indicates a broken mod.
[22:28:86] [Client thread/WARN]: Potentially Dangerous alternative prefix `minecraft` for name `amethyst_boots`, expected `orespawn`. This could be a intended override, but in most cases indicates a broken mod.
[22:28:86] [Client thread/WARN]: Potentially Dangerous alternative prefix `minecraft` for name `cassowary_egg`, expected `orespawn`. This could be a intended override, but in most cases indicates a broken mod.
[22:28:86] [Client thread/WARN]: Potentially Dangerous alternative prefix `minecraft` for name `redcow_egg`, expected `orespawn`. This could be a intended override, but in most cases indicates a broken mod.
[22:28:86] [Client thread/WARN]: Potentially Dangerous alternative prefix `minecraft` for name `stinkbug_egg`, expected `orespawn`. This could be a intended override, but in most cases indicates a broken mod.
[22:28:86] [Client thread/WARN]: Potentially Dangerous alternative prefix `minecraft` for name `amethyst_block`, expected `orespawn`. This could be a intended override, but in most cases indicates a broken mod.
[22:28:86] [Client thread/WARN]: Potentially Dangerous alternative prefix `minecraft` for name `danger.orespawn.blocks.tileentityplant`, expected `orespawn`. This could be a intended override, but in most cases indicates a broken mod.
[22:28:03] [Client thread/INFO]: Injecting itemstacks
[22:28:03] [Client thread/INFO]: Itemstack injection complete
[22:28:04] [Client thread/INFO]: Finished PostInitialization
[22:28:06] [Client thread/INFO]: A brother bound to a love he must hide
[22:28:06] [Client thread/INFO]: The younger's armor is worn in the mind
[22:28:06] [Client thread/INFO]: A cold iron throne holds a boy barely grown
[22:28:06] [Client thread/INFO]: And now it is known
[22:28:06] [Client thread/INFO]: A claim to the prize, a crown laced in lies
[22:28:06] [Client thread/INFO]: You win or you die
[22:28:06] [Client thread/INFO]: Damn season 8 really sucked didn't it
[22:28:08] [Client thread/INFO]: Loading predefined UU world scan values, run /ic2 uu-world-scan <small|medium|large> to calibrate them for your world.
[22:28:15] [Client thread/INFO]: ic2 version 2.8.222-ex112 loaded.
[22:28:15] [Client thread/INFO]: [com.bobmowzie.mowziesmobs.server.spawn.SpawnHandler:getBiomesFromConfig:146]: Reflection failed
[22:28:16] [Client thread/INFO]: [com.bobmowzie.mowziesmobs.server.spawn.SpawnHandler:getBiomesFromConfig:146]: Reflection failed
[22:28:16] [Client thread/INFO]: [com.bobmowzie.mowziesmobs.server.spawn.SpawnHandler:getBiomesFromConfig:146]: Reflection failed
[22:28:16] [Client thread/INFO]: [com.bobmowzie.mowziesmobs.server.spawn.SpawnHandler:getBiomesFromConfig:146]: Reflection failed
[22:28:16] [Client thread/INFO]: [com.bobmowzie.mowziesmobs.server.spawn.SpawnHandler:getBiomesFromConfig:146]: Reflection failed
[22:28:16] [Client thread/INFO]: [com.bobmowzie.mowziesmobs.server.spawn.SpawnHandler:getBiomesFromConfig:146]: Reflection failed
[22:28:16] [Client thread/INFO]: [com.bobmowzie.mowziesmobs.server.spawn.SpawnHandler:getBiomesFromConfig:146]: Reflection failed
[22:28:16] [Client thread/INFO]: [com.bobmowzie.mowziesmobs.server.spawn.SpawnHandler:getBiomesFromConfig:146]: Reflection failed
[22:28:30] [Client thread/INFO]: Registering Item Aspects
[22:28:30] [Client thread/INFO]: Registering Entity Aspects
[22:28:32] [Client thread/INFO]: Loaded 22 research entries from thaumcraft:research/alchemy
[22:28:32] [Client thread/INFO]: Loaded 5 research entries from thaumcraft:research/eldritch
[22:28:32] [Client thread/INFO]: Loaded 20 research entries from thaumcraft:research/basics
[22:28:32] [Client thread/INFO]: Loaded 23 research entries from thaumcraft:research/auromancy
[22:28:32] [Client thread/INFO]: Loaded 12 research entries from thaumcraft:research/scans
[22:28:32] [Client thread/INFO]: Loaded 20 research entries from thaumcraft:research/artifice
[22:28:32] [Client thread/INFO]: Loaded 17 research entries from thaumcraft:research/infusion
[22:28:32] [Client thread/INFO]: Loaded 29 research entries from thaumcraft:research/golemancy
[22:28:43] [Client thread/INFO]: Starting JEI...
[22:28:54] [Client thread/INFO]: Registering recipe categories...
[22:28:56] [Client thread/INFO]: Registering recipe categories took 18.76 ms
[22:28:56] [Client thread/INFO]: Registering mod plugins...
[22:28:89] [Client thread/INFO]: Registering mod plugins took 328.9 ms
[22:28:89] [Client thread/INFO]: Building recipe registry...
[22:28:90] [Client thread/ERROR]: A Recipe Handler has already been registered for this recipe class: com.github.alexthe666.iceandfire.recipe.DragonForgeRecipe
[22:28:98] [Client thread/INFO]: Building recipe registry took 88.39 ms
[22:28:98] [Client thread/INFO]: Building ingredient list...
[22:28:00] [Client thread/INFO]: Building ingredient list took 19.35 ms
[22:28:00] [Client thread/INFO]: Building ingredient filter...
[22:28:21] [Client thread/INFO]: Building ingredient filter took 212.5 ms
[22:28:21] [Client thread/INFO]: Building bookmarks...
[22:28:21] [Client thread/INFO]: Building bookmarks took 2.160 ms
[22:28:21] [Client thread/INFO]: Building runtime...
[22:28:25] [Client thread/INFO]: Building runtime took 39.09 ms
[22:28:26] [Client thread/INFO]: Optimizing memory usage...
[22:28:30] [Client thread/INFO]: Optimizing memory usage took 44.57 ms
[22:28:31] [Client thread/INFO]: Starting JEI took 879.3 ms
[22:28:31] [Client thread/WARN]: Could not find particle class org.orecruncher.dsurround.client.fx.particle.mote.ParticleCollection. If the mod is not installed, this can be ignored.
[22:28:31] [Client thread/WARN]: Could not find particle class com.TominoCZ.FBP.particle.FBPParticleBlock. If the mod is not installed, this can be ignored.
[22:28:31] [Client thread/WARN]: Could not find particle class xzeroair.trinkets.client.particles.ParticleGreed. If the mod is not installed, this can be ignored.
[22:28:32] [Client thread/INFO]: The game loaded in approximately  20.247 seconds.
[22:28:62] [Client thread/INFO]: Forge Mod Loader has successfully loaded 24 mods
[22:28:64] [Client thread/WARN]: Skipping bad option: lastServer:
[22:28:68] [Client thread/INFO]: Narrator library for x64 successfully loaded
[22:28:68] [Client thread/INFO]: Patching net.minecraft.client.gui.GuiOptions... (ble)
[22:28:23] [Client thread/INFO]: Checking Doc Versions
[22:28:24] [Client thread/INFO]: [OptiFine] (Reflector) Class not present: mods.betterfoliage.client.BetterFoliageClient
[22:28:29] [Client thread/INFO]: [OptiFine] *** Reloading custom textures ***
[22:28:64] [Realms Notification Availability checker #1/INFO]: Could not authorize you against Realms server: Invalid session id
[22:29:53] [Client thread/INFO]: Connecting to 26.86.178.84, 53607
[22:29:52] [Netty Client IO #0/INFO]: Server protocol version 2
[22:29:64] [Client thread/INFO]: Injecting existing registry data into this client instance
[22:29:98] [Client thread/INFO]: Applying holder lookups
[22:29:98] [Client thread/INFO]: Holder lookups applied
[22:29:99] [Netty Client IO #0/INFO]: [Netty Client IO #0] Client side modded connection established
[22:29:96] [Client thread/INFO]: Environment: authHost='https://authserver.mojang.com', accountsHost='https://api.mojang.com', sessionHost='https://sessionserver.mojang.com', name='PROD'
[22:29:84] [Client thread/INFO]: textures bloogas was added, skin: true,cape: false, max waiting: 4 ,during : 37412 
[22:29:88] [Client thread/INFO]: [CHAT] Welcome premium user!
[22:29:92] [Client thread/INFO]: Loaded 210 advancements
[22:30:84] [Client thread/INFO]: Loaded 212 advancements
[22:31:51] [Client thread/INFO]: [CHAT] 4br4k4d4bre, bloogas, ermak_90210
[22:31:96] [Client thread/INFO]: [CHAT] 4br4k4d4bre, bloogas, ermak_90210
[22:31:16] [Client thread/INFO]: [CHAT] bloogas выпал из мира
[22:31:16] [Client thread/INFO]: [CHAT] bloogas убит
[22:33:06] [Client thread/INFO]: [CHAT] [ermak_90210: Ваш режим игры изменён на Режим выживания]
[22:33:06] [Client thread/INFO]: [CHAT] bloogas выпал из мира
[22:33:06] [Client thread/INFO]: [CHAT] bloogas убит
[22:33:15] [Client thread/INFO]: [CHAT] ermak_90210 был убит Багровый рыцарь
[22:33:36] [Client thread/INFO]: [CHAT] 4br4k4d4bre, bloogas, ermak_90210
[22:33:36] [Client thread/INFO]: [CHAT] 4br4k4d4bre, bloogas, ermak_90210
[22:33:36] [Client thread/INFO]: [CHAT] 4br4k4d4bre, bloogas, ermak_90210
[22:33:36] [Client thread/INFO]: [CHAT] 4br4k4d4bre, bloogas, ermak_90210
[22:34:05] [Client thread/INFO]: [CHAT] Ваш игровой режим изменён на Творческий режим
[22:34:72] [Client thread/INFO]: [CHAT] ermak_90210 покинул игру
[22:34:64] [Client thread/INFO]: [CHAT] ermak_90210 присоединился к игре
[22:35:57] [Client thread/INFO]: OBJLoader.Parser: command 's' (model: 'draconicevolution:models/item/tools/draconic_staff_of_power.obj') is not currently supported, skipping. Line: 4293 's off'
[22:36:73] [Client thread/INFO]: [CHAT] 4br4k4d4bre, bloogas, ermak_90210
[22:36:16] [Client thread/INFO]: [CHAT] 4br4k4d4bre, bloogas, ermak_90210
[22:36:66] [Client thread/INFO]: [CHAT] 4br4k4d4bre, bloogas, ermak_90210
[22:36:38] [Client thread/INFO]: [CHAT] bloogas телепортирован к ermak_90210
[22:36:16] [Client thread/INFO]: textures ermak_90210 was added, skin: true,cape: false, max waiting: 0 ,during : 557 
[22:36:94] [Client thread/INFO]: [CHAT] Ваш игровой режим изменён на Режим выживания
[22:36:50] [Client thread/INFO]: [CHAT] [ermak_90210: ermak_90210 телепортирован к bloogas]
[22:37:24] [Client thread/INFO]: Loaded 214 advancements
[22:37:00] [Client thread/INFO]: [CHAT] ermak_90210 покинул игру
[22:38:19] [Client thread/INFO]: [CHAT] ermak_90210 присоединился к игре
[22:39:37] [Client thread/INFO]: [CHAT] [ermak_90210: Ваш режим игры изменён на Творческий режим]
[22:45:82] [Client thread/INFO]: Updating ingredient filter...
[22:45:82] [Client thread/INFO]: Updated  ingredient filter in 1 ms
[22:46:75] [Client thread/INFO]: [CHAT] [4br4k4d4bre: 4br4k4d4bre телепортирован к ermak_90210]
[22:46:54] [Client thread/INFO]: [CHAT] [4br4k4d4bre: 4br4k4d4bre телепортирован к bloogas]
[22:46:12] [Client thread/INFO]: textures 4br4k4d4bre was added, skin: true,cape: false, max waiting: 0 ,during : 548 
[22:47:73] [Client thread/INFO]: [CHAT] bloogas выпал из мира
[22:47:73] [Client thread/INFO]: [CHAT] bloogas убит
[22:47:26] [Client thread/INFO]: [CHAT] Ваш игровой режим изменён на Творческий режим
[22:52:69] [Client thread/INFO]: Loaded 214 advancements
[22:55:85] [Client thread/INFO]: [CHAT] ermak_90210 получил достижение «[Гормон роста ящеров]»
[22:55:26] [Client thread/INFO]: [CHAT] Ваш игровой режим изменён на Режим выживания
[22:55:74] [Client thread/INFO]: [CHAT] 4br4k4d4bre, bloogas, ermak_90210
[22:55:16] [Client thread/INFO]: [CHAT] 4br4k4d4bre, bloogas, ermak_90210
[22:55:61] [Client thread/INFO]: [CHAT] 4br4k4d4bre, bloogas, ermak_90210
[22:55:25] [Client thread/INFO]: [CHAT] bloogas телепортирован к ermak_90210
[22:55:11] [Client thread/INFO]: textures ermak_90210 was added, skin: true,cape: false, max waiting: 0 ,during : 643 
[22:55:28] [Client thread/INFO]: [CHAT] bloogas сгорел заживо
[22:55:88] [Client thread/INFO]: [CHAT] bloogas телепортирован к ermak_90210
[22:56:24] [Client thread/INFO]: Loaded 219 advancements
[22:58:97] [Client thread/INFO]: [CHAT] [ermak_90210: Ваш режим игры изменён на Режим выживания]
[22:58:49] [Client thread/INFO]: [CHAT] bloogas получил достижение «[Мать драконов]»
[22:58:52] [Client thread/INFO]: Loaded 225 advancements
[22:58:87] [Client thread/INFO]: [CHAT] [ermak_90210: Ваш режим игры изменён на Творческий режим]
[22:59:73] [Client thread/INFO]: [CHAT] [ermak_90210: Ваш режим игры изменён на Режим выживания]
[23:04:01] [Client thread/INFO]: [CHAT] [ermak_90210: Ваш режим игры изменён на Творческий режим]
[23:05:32] [Client thread/INFO]: [CHAT] ermak_90210 получил достижение «[Проснулись-приоделись]»
[23:05:46] [Client thread/INFO]: [CHAT] ermak_90210 получил достижение «[Драконья песнь]»
[23:05:71] [Client thread/INFO]: [CHAT] ermak_90210 получил достижение «[Ушераздирающий рык]»
[23:05:26] [Client thread/INFO]: [CHAT] ermak_90210 получил достижение «[Батя драконов]»
[23:05:25] [Client thread/INFO]: [CHAT] bloogas получил достижение «[Гормон роста ящеров]»
[23:05:25] [Client thread/INFO]: Loaded 225 advancements
[23:05:76] [Client thread/INFO]: Loaded 225 advancements
[23:06:40] [Client thread/INFO]: [CHAT] ermak_90210 получил достижение «[Битва титанов]»
[23:06:45] [Client thread/INFO]: [CHAT] [ermak_90210: Ваш режим игры изменён на Режим выживания]
[23:06:97] [Client thread/INFO]: [CHAT] bloogas иссушён
[23:07:81] [Client thread/INFO]: [CHAT] bloogas телепортирован к ermak_90210
[23:07:96] [Client thread/INFO]: [CHAT] bloogas иссушён
[23:07:11] [Client thread/INFO]: [CHAT] bloogas телепортирован к ermak_90210
[23:08:94] [Client thread/INFO]: [CHAT] ermak_90210 был убит bloogas
[23:08:20] [Client thread/INFO]: [CHAT] [ermak_90210: ermak_90210 телепортирован к bloogas]
[23:09:00] [Client thread/INFO]: Loaded 225 advancements
[23:10:85] [Client thread/INFO]: Loaded 231 advancements
[23:10:95] [Client thread/INFO]: [CHAT] bloogas был убит Огненный дракон
[23:11:75] [Client thread/INFO]: [CHAT] bloogas телепортирован к ermak_90210
[23:11:40] [Client thread/INFO]: [CHAT] bloogas разбился насмерть
[23:11:90] [Client thread/INFO]: [CHAT] bloogas телепортирован к ermak_90210
[23:11:22] [Client thread/INFO]: [CHAT] bloogas сгорел заживо
[23:11:88] [Client thread/INFO]: [CHAT] bloogas телепортирован к ermak_90210
[23:13:16] [Client thread/INFO]: [CHAT] bloogas сгорел заживо
[23:13:33] [Client thread/INFO]: [CHAT] bloogas получил достижение «[Меня зовут Никто]»
[23:13:33] [Client thread/INFO]: Loaded 231 advancements
[23:13:86] [Client thread/INFO]: [CHAT] bloogas телепортирован к ermak_90210
[23:13:05] [Client thread/WARN]: Received passengers for unknown entity
[23:15:28] [Client thread/INFO]: [CHAT] [ermak_90210: Ваш режим игры изменён на Творческий режим]
[23:17:77] [Client thread/INFO]: [CHAT] §5Когда Вы держите кристалл в руках, Ваши пальцы начинает странно покалывать. Что это значит? Быть может, Вам стоит немного отдохнуть?
[23:21:33] [Client thread/INFO]: [CHAT] Ваш игровой режим изменён на Творческий режим
[23:23:88] [Client thread/INFO]: [CHAT] bloogas получил достижение «[Спи, моя радость, усни]»
[23:23:88] [Client thread/INFO]: Loaded 231 advancements
[23:23:73] [Client thread/INFO]: [CHAT] §5Вы просыпаетесь после странного сна и быстро записываете всё в книгу, пока воспоминания о нём не угасли в Вашей памяти.
[23:24:17] [Client thread/INFO]: [CHAT] Ваш игровой режим изменён на Режим выживания
[23:25:93] [Client thread/INFO]: [CHAT] bloogas был убит Зомби
[23:25:37] [Client thread/INFO]: Loaded 231 advancements
[23:25:27] [Client thread/INFO]: Loaded 232 advancements
[23:26:87] [Client thread/INFO]: [CHAT] Ваш игровой режим изменён на Творческий режим
[23:27:56] [Client thread/INFO]: [CHAT] [ermak_90210: Ваш режим игры изменён на Режим наблюдателя]
[23:28:16] [Client thread/INFO]: [CHAT] [ermak_90210: Ваш режим игры изменён на Режим выживания]
[23:28:06] [Client thread/INFO]: [CHAT] [ermak_90210: ermak_90210 телепортирован к bloogas]
[23:28:72] [Client thread/INFO]: [CHAT] Ваш игровой режим изменён на Режим выживания
[23:29:56] [Client thread/INFO]: [CHAT] [ermak_90210: Ваш режим игры изменён на Творческий режим]
[23:31:41] [Client thread/INFO]: Loaded 233 advancements
[23:31:76] [Client thread/INFO]: Loaded 235 advancements
[23:32:41] [Client thread/INFO]: [CHAT] bloogas получил достижение «[Поле чудес]»
[23:32:41] [Client thread/INFO]: Loaded 235 advancements
[23:35:66] [Client thread/INFO]: Loaded 235 advancements
[23:37:51] [Client thread/INFO]: Loaded 237 advancements
[23:39:71] [Client thread/INFO]: Loaded 237 advancements
[23:39:02] [Client thread/INFO]: [CHAT] bloogas сгорел заживо
[23:44:44] [Client thread/INFO]: [CHAT] bloogas получил достижение «[Runic World]»
[23:44:44] [Client thread/INFO]: Loaded 237 advancements
[23:46:78] [Client thread/INFO]: [CHAT] bloogas телепортирован к ermak_90210
[23:49:82] [Client thread/INFO]: [CHAT] 4br4k4d4bre, bloogas, ermak_90210
[23:49:26] [Client thread/INFO]: [CHAT] 4br4k4d4bre, bloogas, ermak_90210
[23:49:38] [Client thread/INFO]: [CHAT] bloogas выпал из мира
[23:49:38] [Client thread/INFO]: [CHAT] bloogas убит
[23:53:64] [Client thread/INFO]: [CHAT] ermak_90210 покинул игру
[23:54:92] [Client thread/INFO]: Loaded 239 advancements
[23:55:37] [Client thread/INFO]: Loaded 239 advancements
[23:56:63] [Client thread/INFO]: [CHAT] ermak_90210 присоединился к игре
[23:57:18] [Client thread/INFO]: [CHAT] ermak_90210 покинул игру
[23:57:58] [Client thread/INFO]: [CHAT] ermak_90210 присоединился к игре
[00:00:37] [Client thread/INFO]: [CHAT] bloogas получил достижение «[Проснулись-приоделись]»
[00:00:41] [Client thread/INFO]: Loaded 239 advancements
[00:01:17] [Client thread/INFO]: Applying holder lookups
[00:01:17] [Client thread/INFO]: Holder lookups applied
[00:01:15] [Client thread/INFO]: Stopping!
[00:01:15] [Client thread/INFO]: SoundSystem shutting down...
[00:01:37] [Client thread/WARN]: Author: Paul Lamb, www.paulscode.com
Here I am!
[VersionManager] Refreshing versions locally...
[VersionManager] Versions has been refreshed (18 ms)
[Launcher] Minecraft closed with exit code: 0
[Launcher] Launcher exited.
Good bye!
[Double running] clear time label
[TLauncherManager] before clearLibrary D:\mods\Baubles-1.12-1.5.2.jar D:\mods\BetterFps-1.4.8.jar D:\mods\BrandonsCore-1.12.2-2.4.20.162-universal.jar D:\mods\CodeChickenLib-1.12.2-3.2.3.358-universal.jar D:\mods\DoggyTalents-1.12.2-1.15.1.6.jar D:\mods\Draconic-Evolution-1.12.2-2.3.28.354-universal.jar D:\mods\forbidden_arcanus-1.12.2-1.1.4.jar D:\mods\geckolib-forge-1.12.2-3.0.31.jar D:\mods\GrimoireOfGaia3-1.12.2-1.7.2.jar D:\mods\iceandfire-1.9.1-1.12.2.jar D:\mods\industrialcraft-2-2.8.222-ex112.jar D:\mods\jei_1.12.2-4.16.1.1001.jar D:\mods\llibrary-1.7.20-1.12.2.jar D:\mods\mowziesmobs-1.5.8.jar D:\mods\OptiFine-1.12.2_HD_U_G5.jar D:\mods\OptiFine-OptiFine-1.12.2_HD_U_G5.jar D:\mods\ore-spawn-mod-1_12_2.jar D:\mods\particleculling-1.12.2-v1.4.1.jar D:\mods\RedstoneFlux-1.12-2.1.1.1-universal.jar D:\mods\Surge-1.12.2-2.0.79.jar D:\mods\Thaumcraft-1.12.2-6.1.BETA26.jar D:\mods\tlskincape_1.12.2-1.4.jar D:\mods\twilightforest_1.12.2_3.11.1021_universal.jar D:\mods\_MixinBootstrap-1.1.0.jar
[TLauncherManager] written:  []
[TLauncherManager] after clearLibrary D:\mods\Baubles-1.12-1.5.2.jar D:\mods\BetterFps-1.4.8.jar D:\mods\BrandonsCore-1.12.2-2.4.20.162-universal.jar D:\mods\CodeChickenLib-1.12.2-3.2.3.358-universal.jar D:\mods\DoggyTalents-1.12.2-1.15.1.6.jar D:\mods\Draconic-Evolution-1.12.2-2.3.28.354-universal.jar D:\mods\forbidden_arcanus-1.12.2-1.1.4.jar D:\mods\geckolib-forge-1.12.2-3.0.31.jar D:\mods\GrimoireOfGaia3-1.12.2-1.7.2.jar D:\mods\iceandfire-1.9.1-1.12.2.jar D:\mods\industrialcraft-2-2.8.222-ex112.jar D:\mods\jei_1.12.2-4.16.1.1001.jar D:\mods\llibrary-1.7.20-1.12.2.jar D:\mods\mowziesmobs-1.5.8.jar D:\mods\OptiFine-1.12.2_HD_U_G5.jar D:\mods\ore-spawn-mod-1_12_2.jar D:\mods\particleculling-1.12.2-v1.4.1.jar D:\mods\RedstoneFlux-1.12-2.1.1.1-universal.jar D:\mods\Surge-1.12.2-2.0.79.jar D:\mods\Thaumcraft-1.12.2-6.1.BETA26.jar D:\mods\twilightforest_1.12.2_3.11.1021_universal.jar D:\mods\_MixinBootstrap-1.1.0.jar
flush now
